id,n_condition_tokens,condition_present,condition_present_count,n_condition_tokens_matched,negation_count_total,nearest_negation_distance,neg_before_condition,neg_after_condition,neg_within_5,neg_within_10,neg_within_20,neg_within_50,condition_negated_exact,condition_affirmed,condition_negated,condition_unknown_h19
526,3,0,0,0,8,100.0,0,0,0,0,0,0,0,0,0,1
314,6,1,3,2,0,100.0,0,0,0,0,0,0,0,1,0,0
672,5,1,18,2,26,358.0,0,0,0,0,0,0,0,1,0,0
707,4,0,0,0,11,100.0,0,0,0,0,0,0,0,0,0,1
665,9,1,1,1,15,1856.0,0,0,0,0,0,0,0,1,0,0
346,3,1,2,1,5,96.0,0,0,0,0,0,0,0,1,0,0
213,9,0,0,0,7,100.0,0,0,0,0,0,0,0,0,0,1
509,4,1,3,2,9,112.0,0,0,0,0,0,0,0,1,0,0
559,5,1,1,1,92,100.0,0,0,0,0,0,0,0,1,0,0
321,3,1,1,1,26,76.0,0,0,0,0,0,0,0,1,0,0
49,5,1,4,2,1,203.0,0,0,0,0,0,0,0,1,0,0
112,3,1,4,1,5,59.0,0,0,0,0,0,0,0,1,0,0
338,4,1,4,2,1,271.0,0,0,0,0,0,0,0,1,0,0
447,2,1,2,1,3,305.0,0,0,0,0,0,0,0,1,0,0
554,3,1,1,1,4,301.0,0,0,0,0,0,0,0,1,0,0
643,4,1,2,2,13,2351.0,0,0,0,0,0,0,0,1,0,0
703,2,1,1,1,31,80.0,0,0,0,0,0,0,0,1,0,0
578,3,1,1,1,7,67.0,0,0,0,0,0,0,0,1,0,0
527,3,1,1,1,4,281.0,0,0,0,0,0,0,0,1,0,0
790,15,1,17,4,124,0.0,1,0,1,1,1,1,1,0,1,0
192,4,0,0,0,7,100.0,0,0,0,0,0,0,0,0,0,1
583,5,1,1,1,92,100.0,0,0,0,0,0,0,0,1,0,0
580,7,1,1,1,24,67.0,0,0,0,0,0,0,0,1,0,0
448,3,1,2,1,3,305.0,0,0,0,0,0,0,0,1,0,0
784,4,1,1,1,124,129.0,0,0,0,0,0,0,0,1,0,0
471,3,1,1,1,4,63.0,0,0,0,0,0,0,0,1,0,0
295,2,1,1,1,4,280.0,0,0,0,0,0,0,0,1,0,0
396,3,1,2,1,4,298.0,0,0,0,0,0,0,0,1,0,0
298,7,1,1,1,0,100.0,0,0,0,0,0,0,0,1,0,0
852,5,1,4,2,23,101.0,0,0,0,0,0,0,0,1,0,0
480,5,1,1,1,92,100.0,0,0,0,0,0,0,0,1,0,0
695,4,1,2,2,1,246.0,0,0,0,0,0,0,0,1,0,0
333,14,1,1,1,119,28.0,1,0,0,0,0,1,1,0,1,0
39,7,1,8,3,1,203.0,0,0,0,0,0,0,0,1,0,0
749,6,1,3,2,3,114.0,0,0,0,0,0,0,0,1,0,0
733,4,0,0,0,11,100.0,0,0,0,0,0,0,0,0,0,1
222,12,0,0,0,8,100.0,0,0,0,0,0,0,0,0,0,1
126,6,1,3,1,6,46.0,0,1,0,0,0,1,0,1,0,0
107,3,1,4,1,5,59.0,0,0,0,0,0,0,0,1,0,0
181,4,0,0,0,7,100.0,0,0,0,0,0,0,0,0,0,1
215,5,0,0,0,8,100.0,0,0,0,0,0,0,0,0,0,1
366,6,1,4,2,6,13.0,1,0,0,0,1,1,1,0,1,0
836,5,1,1,1,19,162.0,0,0,0,0,0,0,0,1,0,0
500,12,1,1,1,92,100.0,0,0,0,0,0,0,0,1,0,0
562,6,1,2,2,92,100.0,0,0,0,0,0,0,0,1,0,0
766,12,1,1,1,124,129.0,0,0,0,0,0,0,0,1,0,0
100,4,1,1,1,7,1603.0,0,0,0,0,0,0,0,1,0,0
531,7,0,0,0,4,100.0,0,0,0,0,0,0,0,0,0,1
821,7,1,3,2,0,100.0,0,0,0,0,0,0,0,1,0,0
114,5,1,4,1,5,59.0,0,0,0,0,0,0,0,1,0,0
706,7,0,0,0,3,100.0,0,0,0,0,0,0,0,0,0,1
274,4,1,1,1,20,69.0,0,0,0,0,0,0,0,1,0,0
428,5,1,1,1,119,28.0,1,0,0,0,0,1,1,0,1,0
700,4,1,2,1,5,254.0,0,0,0,0,0,0,0,1,0,0
701,3,0,0,0,13,100.0,0,0,0,0,0,0,0,0,0,1
746,7,1,6,4,3,114.0,0,0,0,0,0,0,0,1,0,0
322,6,1,3,2,1,72.0,0,0,0,0,0,0,0,1,0,0
216,5,0,0,0,8,100.0,0,0,0,0,0,0,0,0,0,1
443,5,1,18,3,13,101.0,0,0,0,0,0,0,0,1,0,0
17,7,1,6,2,1,203.0,0,0,0,0,0,0,0,1,0,0
812,7,1,5,3,124,27.0,1,0,0,0,0,1,1,0,1,0
773,4,1,2,2,21,203.0,0,0,0,0,0,0,0,1,0,0
78,14,1,4,3,1,203.0,0,0,0,0,0,0,0,1,0,0
683,5,1,2,1,49,60.0,0,0,0,0,0,0,0,1,0,0
606,5,1,2,2,92,60.0,0,0,0,0,0,0,0,1,0,0
755,2,1,2,1,5,106.0,0,0,0,0,0,0,0,1,0,0
68,9,1,6,3,1,203.0,0,0,0,0,0,0,0,1,0,0
399,6,1,1,1,7,1.0,0,1,1,1,1,1,1,0,1,0
632,7,1,4,2,92,9.0,1,1,0,1,1,1,1,0,1,0
529,3,1,1,1,4,281.0,0,0,0,0,0,0,0,1,0,0
427,5,1,1,1,119,28.0,1,0,0,0,0,1,1,0,1,0
709,5,1,3,2,49,60.0,0,0,0,0,0,0,0,1,0,0
743,14,1,2,1,49,60.0,0,0,0,0,0,0,0,1,0,0
461,9,1,1,1,25,37.0,1,0,0,0,0,1,1,0,1,0
326,5,1,1,1,119,28.0,1,0,0,0,0,1,1,0,1,0
841,12,1,1,1,19,162.0,0,0,0,0,0,0,0,1,0,0
316,5,1,3,2,0,100.0,0,0,0,0,0,0,0,1,0,0
287,6,1,2,2,0,100.0,0,0,0,0,0,0,0,1,0,0
204,5,0,0,0,7,100.0,0,0,0,0,0,0,0,0,0,1
310,5,1,4,3,0,100.0,0,0,0,0,0,0,0,1,0,0
305,15,1,2,2,119,28.0,1,0,0,0,0,1,1,0,1,0
157,3,1,6,1,3,4.0,0,1,1,1,1,1,1,0,1,0
269,4,0,0,0,6,100.0,0,0,0,0,0,0,0,0,0,1
577,2,1,1,1,7,67.0,0,0,0,0,0,0,0,1,0,0
217,7,1,4,1,8,65.0,0,0,0,0,0,0,0,1,0,0
832,6,1,1,1,2,1.0,0,1,1,1,1,1,1,0,1,0
564,12,1,1,1,92,100.0,0,0,0,0,0,0,0,1,0,0
219,6,0,0,0,8,100.0,0,0,0,0,0,0,0,0,0,1
104,3,1,4,1,5,59.0,0,0,0,0,0,0,0,1,0,0
551,3,0,0,0,36,100.0,0,0,0,0,0,0,0,0,0,1
361,9,1,1,1,119,28.0,1,0,0,0,0,1,1,0,1,0
553,2,1,1,1,4,301.0,0,0,0,0,0,0,0,1,0,0
228,7,1,4,1,7,65.0,0,0,0,0,0,0,0,1,0,0
660,6,1,1,1,15,1856.0,0,0,0,0,0,0,0,1,0,0
170,4,0,0,0,6,100.0,0,0,0,0,0,0,0,0,0,1
748,4,1,3,2,3,114.0,0,0,0,0,0,0,0,1,0,0
77,12,1,4,3,1,203.0,0,0,0,0,0,0,0,1,0,0
265,4,1,4,2,1,693.0,0,0,0,0,0,0,0,1,0,0
30,6,1,6,3,1,203.0,0,0,0,0,0,0,0,1,0,0
7,5,1,3,1,7,48.0,1,0,0,0,0,1,0,1,0,0
833,7,0,0,0,4,100.0,0,0,0,0,0,0,0,0,0,1
785,5,1,5,2,124,80.0,0,0,0,0,0,0,0,1,0,0
297,6,1,4,2,1,59.0,0,0,0,0,0,0,0,1,0,0
802,5,1,4,2,2,27.0,1,0,0,0,0,1,1,0,1,0
388,7,1,5,4,22,203.0,0,0,0,0,0,0,0,1,0,0
175,6,0,0,0,6,100.0,0,0,0,0,0,0,0,0,0,1
318,3,0,0,0,0,100.0,0,0,0,0,0,0,0,0,0,1
590,14,1,1,1,92,100.0,0,0,0,0,0,0,0,1,0,0
150,5,1,1,1,3,32.0,0,1,0,0,0,1,1,0,1,0
426,4,1,1,1,119,28.0,1,0,0,0,0,1,1,0,1,0
604,7,1,4,1,9,5.0,0,1,1,1,1,1,1,0,1,0
306,12,1,1,1,119,28.0,1,0,0,0,0,1,1,0,1,0
565,12,1,1,1,92,100.0,0,0,0,0,0,0,0,1,0,0
152,3,1,6,1,3,4.0,0,1,1,1,1,1,1,0,1,0
647,5,1,2,2,13,2351.0,0,0,0,0,0,0,0,1,0,0
454,7,1,2,2,25,37.0,1,0,0,0,0,1,1,0,1,0
670,6,1,26,4,26,358.0,0,0,0,0,0,0,0,1,0,0
385,14,1,1,1,119,28.0,1,0,0,0,0,1,1,0,1,0
251,5,1,2,1,49,60.0,0,0,0,0,0,0,0,1,0,0
739,6,1,2,1,49,60.0,0,0,0,0,0,0,0,1,0,0
630,5,1,2,2,92,60.0,0,0,0,0,0,0,0,1,0,0
759,4,1,1,1,124,129.0,0,0,0,0,0,0,0,1,0,0
525,4,1,1,1,0,100.0,0,0,0,0,0,0,0,1,0,0
679,4,1,2,1,49,60.0,0,0,0,0,0,0,0,1,0,0
131,6,1,3,1,1,32.0,0,1,0,0,0,1,1,0,1,0
857,6,1,4,3,3,90.0,0,0,0,0,0,0,0,1,0,0
486,9,1,1,1,92,100.0,0,0,0,0,0,0,0,1,0,0
414,6,1,4,2,12,11.0,1,0,0,0,1,1,1,0,1,0
610,6,1,2,2,92,100.0,0,0,0,0,0,0,0,1,0,0
588,12,1,1,1,92,100.0,0,0,0,0,0,0,0,1,0,0
714,15,1,8,3,49,60.0,0,0,0,0,0,0,0,1,0,0
783,7,1,1,1,12,53.0,0,0,0,0,0,0,0,1,0,0
689,9,1,2,1,49,60.0,0,0,0,0,0,0,0,1,0,0
552,3,1,1,1,4,301.0,0,0,0,0,0,0,0,1,0,0
477,5,1,2,2,92,60.0,0,0,0,0,0,0,0,1,0,0
848,4,1,4,2,23,101.0,0,0,0,0,0,0,0,1,0,0
256,12,1,3,2,49,60.0,0,0,0,0,0,0,0,1,0,0
9,14,1,10,4,9,10.0,1,1,0,1,1,1,1,0,1,0
129,6,1,3,1,1,32.0,0,1,0,0,0,1,1,0,1,0
364,6,1,4,2,6,13.0,1,0,0,0,1,1,1,0,1,0
528,2,1,1,1,4,281.0,0,0,0,0,0,0,0,1,0,0
421,3,1,2,1,4,252.0,0,0,0,0,0,0,0,1,0,0
38,5,1,4,2,1,203.0,0,0,0,0,0,0,0,1,0,0
349,6,1,4,2,1,72.0,0,0,0,0,0,0,0,1,0,0
302,7,1,2,2,119,28.0,1,0,0,0,0,1,1,0,1,0
484,12,1,1,1,92,100.0,0,0,0,0,0,0,0,1,0,0
494,5,1,2,2,92,60.0,0,0,0,0,0,0,0,1,0,0
793,14,1,1,1,124,129.0,0,0,0,0,0,0,0,1,0,0
110,3,1,4,1,5,59.0,0,0,0,0,0,0,0,1,0,0
81,6,1,1,1,2,148.0,0,0,0,0,0,0,0,1,0,0
239,3,1,5,2,11,89.0,0,0,0,0,0,0,0,1,0,0
511,5,1,3,2,9,112.0,0,0,0,0,0,0,0,1,0,0
476,4,1,1,1,92,100.0,0,0,0,0,0,0,0,1,0,0
460,14,1,1,1,25,37.0,1,0,0,0,0,1,1,0,1,0
286,7,1,2,2,0,100.0,0,0,0,0,0,0,0,1,0,0
614,14,1,1,1,92,100.0,0,0,0,0,0,0,0,1,0,0
184,7,1,4,1,7,65.0,0,0,0,0,0,0,0,1,0,0
51,5,1,6,3,1,203.0,0,0,0,0,0,0,0,1,0,0
757,6,1,4,2,2,1.0,1,1,1,1,1,1,1,0,1,0
101,4,1,1,1,7,1603.0,0,0,0,0,0,0,0,1,0,0
266,5,1,4,2,1,693.0,0,0,0,0,0,0,0,1,0,0
692,6,1,2,2,1,246.0,0,0,0,0,0,0,0,1,0,0
278,5,1,1,1,20,69.0,0,0,0,0,0,0,0,1,0,0
622,5,1,1,1,28,282.0,0,0,0,0,0,0,0,1,0,0
719,5,1,18,3,25,279.0,0,0,0,0,0,0,0,1,0,0
762,7,1,5,3,124,27.0,1,0,0,0,0,1,1,0,1,0
711,7,1,7,3,49,60.0,0,0,0,0,0,0,0,1,0,0
249,4,1,2,1,49,60.0,0,0,0,0,0,0,0,1,0,0
254,6,1,2,1,49,60.0,0,0,0,0,0,0,0,1,0,0
258,14,1,2,1,49,60.0,0,0,0,0,0,0,0,1,0,0
581,4,1,1,1,92,100.0,0,0,0,0,0,0,0,1,0,0
767,12,1,1,1,124,129.0,0,0,0,0,0,0,0,1,0,0
136,3,1,1,1,3,31.0,0,1,0,0,0,1,1,0,1,0
355,5,1,1,1,119,28.0,1,0,0,0,0,1,1,0,1,0
88,4,1,1,1,9,215.0,0,0,0,0,0,0,0,1,0,0
82,6,1,1,1,2,148.0,0,0,0,0,0,0,0,1,0,0
236,3,1,2,1,5,132.0,0,0,0,0,0,0,0,1,0,0
633,5,1,1,1,92,100.0,0,0,0,0,0,0,0,1,0,0
244,6,1,3,2,4,71.0,0,0,0,0,0,0,0,1,0,0
379,7,1,2,2,119,28.0,1,0,0,0,0,1,1,0,1,0
76,12,1,6,4,1,203.0,0,0,0,0,0,0,0,1,0,0
412,5,1,5,3,12,11.0,1,0,0,0,1,1,1,0,1,0
382,15,1,2,2,119,28.0,1,0,0,0,0,1,1,0,1,0
842,12,1,1,1,19,162.0,0,0,0,0,0,0,0,1,0,0
304,6,1,1,1,119,28.0,1,0,0,0,0,1,1,0,1,0
859,6,1,2,2,2,110.0,0,0,0,0,0,0,0,1,0,0
350,7,0,0,0,0,100.0,0,0,0,0,0,0,0,0,0,1
433,12,1,1,1,119,28.0,1,0,0,0,0,1,1,0,1,0
751,5,1,5,4,3,114.0,0,0,0,0,0,0,0,1,0,0
18,5,1,4,2,1,203.0,0,0,0,0,0,0,0,1,0,0
763,5,1,1,1,124,129.0,0,0,0,0,0,0,0,1,0,0
591,9,1,1,1,92,100.0,0,0,0,0,0,0,0,1,0,0
599,5,1,3,2,22,21.0,1,0,0,0,0,1,1,0,1,0
285,5,1,2,2,0,100.0,0,0,0,0,0,0,0,1,0,0
847,6,1,4,2,23,101.0,0,0,0,0,0,0,0,1,0,0
761,5,1,1,1,124,129.0,0,0,0,0,0,0,0,1,0,0
119,3,1,4,1,5,59.0,0,0,0,0,0,0,0,1,0,0
504,5,1,3,2,9,112.0,0,0,0,0,0,0,0,1,0,0
277,7,1,3,2,20,61.0,0,0,0,0,0,0,0,1,0,0
800,4,1,4,2,2,27.0,1,0,0,0,0,1,1,0,1,0
666,5,1,20,3,26,358.0,0,0,0,0,0,0,0,1,0,0
337,6,1,4,2,1,271.0,0,0,0,0,0,0,0,1,0,0
176,15,1,2,1,6,400.0,0,0,0,0,0,0,0,1,0,0
91,4,1,1,1,9,215.0,0,0,0,0,0,0,0,1,0,0
245,6,1,2,2,7,13.0,1,0,0,0,1,1,1,0,1,0
467,4,1,6,2,20,93.0,0,0,0,0,0,0,0,1,0,0
823,4,1,3,2,0,100.0,0,0,0,0,0,0,0,1,0,0
195,7,1,4,1,7,65.0,0,0,0,0,0,0,0,1,0,0
495,5,1,1,1,92,100.0,0,0,0,0,0,0,0,1,0,0
571,4,1,2,2,5,203.0,0,0,0,0,0,0,0,1,0,0
485,14,1,1,1,92,100.0,0,0,0,0,0,0,0,1,0,0
132,6,1,3,1,1,32.0,0,1,0,0,0,1,1,0,1,0
685,15,1,8,3,49,60.0,0,0,0,0,0,0,0,1,0,0
111,5,1,4,1,5,59.0,0,0,0,0,0,0,0,1,0,0
225,4,0,0,0,7,100.0,0,0,0,0,0,0,0,0,0,1
63,6,1,6,3,1,203.0,0,0,0,0,0,0,0,1,0,0
635,15,1,4,2,92,9.0,1,1,0,1,1,1,1,0,1,0
218,5,0,0,0,8,100.0,0,0,0,0,0,0,0,0,0,1
792,12,1,1,1,124,129.0,0,0,0,0,0,0,0,1,0,0
402,5,1,1,1,119,28.0,1,0,0,0,0,1,1,0,1,0
309,9,1,1,1,119,28.0,1,0,0,0,0,1,1,0,1,0
745,5,1,5,3,3,114.0,0,0,0,0,0,0,0,1,0,0
855,3,1,1,1,5,322.0,0,0,0,0,0,0,0,1,0,0
243,4,0,0,0,11,100.0,0,0,0,0,0,0,0,0,0,1
654,7,0,0,0,25,100.0,0,0,0,0,0,0,0,0,0,1
799,6,1,4,2,2,27.0,1,0,0,0,0,1,1,0,1,0
46,9,1,6,3,1,203.0,0,0,0,0,0,0,0,1,0,0
263,4,1,4,2,1,693.0,0,0,0,0,0,0,0,1,0,0
99,4,1,1,1,7,1603.0,0,0,0,0,0,0,0,1,0,0
641,7,1,5,4,13,288.0,0,0,0,0,0,0,0,1,0,0
22,12,1,2,1,1,203.0,0,0,0,0,0,0,0,1,0,0
403,5,1,1,1,119,28.0,1,0,0,0,0,1,1,0,1,0
235,9,0,0,0,7,100.0,0,0,0,0,0,0,0,0,0,1
267,5,1,4,2,1,693.0,0,0,0,0,0,0,0,1,0,0
57,9,1,6,3,1,203.0,0,0,0,0,0,0,0,1,0,0
124,6,1,3,1,6,46.0,0,1,0,0,0,1,0,1,0,0
240,5,1,5,2,11,89.0,0,0,0,0,0,0,0,1,0,0
334,9,1,1,1,119,28.0,1,0,0,0,0,1,1,0,1,0
291,5,1,2,2,0,100.0,0,0,0,0,0,0,0,1,0,0
676,3,1,1,1,5,70.0,0,0,0,0,0,0,0,1,0,0
696,5,1,2,2,1,246.0,0,0,0,0,0,0,0,1,0,0
123,6,1,3,1,6,46.0,0,1,0,0,0,1,0,1,0,0
652,3,1,1,1,3,384.0,0,0,0,0,0,0,0,1,0,0
143,3,1,1,1,3,31.0,0,1,0,0,0,1,1,0,1,0
469,5,1,7,3,20,93.0,0,0,0,0,0,0,0,1,0,0
226,5,0,0,0,7,100.0,0,0,0,0,0,0,0,0,0,1
411,9,1,1,1,119,28.0,1,0,0,0,0,1,1,0,1,0
615,9,1,1,1,92,100.0,0,0,0,0,0,0,0,1,0,0
777,5,1,2,2,21,203.0,0,0,0,0,0,0,0,1,0,0
270,4,1,2,1,4,253.0,0,0,0,0,0,0,0,1,0,0
850,4,1,4,2,23,101.0,0,0,0,0,0,0,0,1,0,0
325,5,1,1,1,119,28.0,1,0,0,0,0,1,1,0,1,0
193,5,0,0,0,7,100.0,0,0,0,0,0,0,0,0,0,1
658,7,1,1,1,15,1856.0,0,0,0,0,0,0,0,1,0,0
307,12,1,1,1,119,28.0,1,0,0,0,0,1,1,0,1,0
803,3,0,0,0,2,100.0,0,0,0,0,0,0,0,0,0,1
659,5,1,1,1,15,1856.0,0,0,0,0,0,0,0,1,0,0
35,9,1,6,3,1,203.0,0,0,0,0,0,0,0,1,0,0
726,5,1,24,4,25,119.0,0,0,0,0,0,0,0,1,0,0
137,3,1,1,1,3,31.0,0,1,0,0,0,1,1,0,1,0
716,12,1,2,1,49,60.0,0,0,0,0,0,0,0,1,0,0
397,2,1,2,1,4,298.0,0,0,0,0,0,0,0,1,0,0
624,3,1,1,1,6,65.0,0,0,0,0,0,0,0,1,0,0
673,5,1,30,4,26,358.0,0,0,0,0,0,0,0,1,0,0
639,9,1,1,1,92,100.0,0,0,0,0,0,0,0,1,0,0
574,5,1,2,2,5,203.0,0,0,0,0,0,0,0,1,0,0
625,2,1,1,1,6,65.0,0,0,0,0,0,0,0,1,0,0
199,12,0,0,0,7,100.0,0,0,0,0,0,0,0,0,0,1
705,6,1,3,2,3,1.0,1,1,1,1,1,1,1,0,1,0
161,3,1,6,1,3,4.0,0,1,1,1,1,1,1,0,1,0
690,5,1,4,3,1,246.0,0,0,0,0,0,0,0,1,0,0
93,4,1,1,1,2,419.0,0,0,0,0,0,0,0,1,0,0
342,5,1,4,2,1,271.0,0,0,0,0,0,0,0,1,0,0
169,3,1,4,1,3,4.0,0,1,1,1,1,1,1,0,1,0
510,5,1,3,2,9,112.0,0,0,0,0,0,0,0,1,0,0
548,4,1,2,2,54,8.0,1,0,0,1,1,1,1,0,1,0
730,3,0,0,0,13,100.0,0,0,0,0,0,0,0,0,0,1
449,6,1,1,1,2,1.0,0,1,1,1,1,1,1,0,1,0
187,15,1,2,1,7,373.0,0,0,0,0,0,0,0,1,0,0
186,6,0,0,0,7,100.0,0,0,0,0,0,0,0,0,0,1
419,5,1,4,2,12,11.0,1,0,0,0,1,1,1,0,1,0
356,6,1,1,1,119,28.0,1,0,0,0,0,1,1,0,1,0
678,7,1,6,2,6,6.0,1,1,0,1,1,1,1,0,1,0
324,4,1,1,1,119,28.0,1,0,0,0,0,1,1,0,1,0
830,2,1,1,1,3,314.0,0,0,0,0,0,0,0,1,0,0
675,2,1,1,1,5,70.0,0,0,0,0,0,0,0,1,0,0
31,15,1,12,5,1,203.0,0,0,0,0,0,0,0,1,0,0
629,4,1,1,1,92,100.0,0,0,0,0,0,0,0,1,0,0
473,3,1,1,1,4,63.0,0,0,0,0,0,0,0,1,0,0
542,9,1,1,1,92,100.0,0,0,0,0,0,0,0,1,0,0
1,5,1,4,2,2,15.0,1,0,0,0,1,1,1,0,1,0
534,5,1,1,1,92,100.0,0,0,0,0,0,0,0,1,0,0
407,15,1,2,2,119,28.0,1,0,0,0,0,1,1,0,1,0
839,6,1,1,1,19,162.0,0,0,0,0,0,0,0,1,0,0
713,6,1,2,1,49,60.0,0,0,0,0,0,0,0,1,0,0
547,6,1,2,2,54,8.0,1,0,0,1,1,1,1,0,1,0
282,12,1,1,1,20,69.0,0,0,0,0,0,0,0,1,0,0
153,5,1,6,1,3,4.0,0,1,1,1,1,1,1,0,1,0
122,6,1,3,1,5,46.0,0,1,0,0,0,1,0,1,0,0
185,5,0,0,0,7,100.0,0,0,0,0,0,0,0,0,0,1
420,3,0,0,0,23,100.0,0,0,0,0,0,0,0,0,0,1
21,12,1,5,3,1,203.0,0,0,0,0,0,0,0,1,0,0
395,3,0,0,0,0,100.0,0,0,0,0,0,0,0,0,0,1
631,5,1,1,1,92,100.0,0,0,0,0,0,0,0,1,0,0
425,7,0,0,0,12,100.0,0,0,0,0,0,0,0,0,0,1
367,4,1,4,2,6,13.0,1,0,0,0,1,1,1,0,1,0
487,3,0,0,0,0,100.0,0,0,0,0,0,0,0,0,0,1
674,3,1,1,1,5,70.0,0,0,0,0,0,0,0,1,0,0
708,4,1,2,1,49,60.0,0,0,0,0,0,0,0,1,0,0
756,3,1,2,1,5,106.0,0,0,0,0,0,0,0,1,0,0
648,5,1,2,1,31,47.0,1,0,0,0,0,1,0,1,0,0
472,2,1,1,1,4,63.0,0,0,0,0,0,0,0,1,0,0
408,12,1,1,1,119,28.0,1,0,0,0,0,1,1,0,1,0
789,6,1,1,1,124,129.0,0,0,0,0,0,0,0,1,0,0
257,12,1,2,1,49,60.0,0,0,0,0,0,0,0,1,0,0
296,3,1,1,1,4,280.0,0,0,0,0,0,0,0,1,0,0
556,7,1,2,1,31,147.0,0,0,0,0,0,0,0,1,0,0
780,2,1,2,1,26,94.0,0,0,0,0,0,0,0,1,0,0
858,6,1,2,2,3,71.0,0,0,0,0,0,0,0,1,0,0
854,2,1,1,1,5,322.0,0,0,0,0,0,0,0,1,0,0
682,7,1,7,3,49,60.0,0,0,0,0,0,0,0,1,0,0
183,5,0,0,0,7,100.0,0,0,0,0,0,0,0,0,0,1
376,4,1,1,1,119,28.0,1,0,0,0,0,1,1,0,1,0
646,5,1,2,2,13,2351.0,0,0,0,0,0,0,0,1,0,0
16,5,1,2,1,1,203.0,0,0,0,0,0,0,0,1,0,0
14,4,1,2,1,1,203.0,0,0,0,0,0,0,0,1,0,0
300,5,1,1,1,119,28.0,1,0,0,0,0,1,1,0,1,0
156,5,1,6,1,3,4.0,0,1,1,1,1,1,1,0,1,0
702,3,1,1,1,31,80.0,0,0,0,0,0,0,0,1,0,0
96,4,1,1,1,2,419.0,0,0,0,0,0,0,0,1,0,0
62,5,1,6,3,1,203.0,0,0,0,0,0,0,0,1,0,0
281,12,1,1,1,20,69.0,0,0,0,0,0,0,0,1,0,0
89,4,1,1,1,9,215.0,0,0,0,0,0,0,0,1,0,0
20,15,1,10,4,1,203.0,0,0,0,0,0,0,0,1,0,0
102,4,1,1,1,7,1603.0,0,0,0,0,0,0,0,1,0,0
820,5,1,3,2,0,100.0,0,0,0,0,0,0,0,1,0,0
229,5,0,0,0,7,100.0,0,0,0,0,0,0,0,0,0,1
636,12,1,1,1,92,100.0,0,0,0,0,0,0,0,1,0,0
416,6,1,5,3,12,11.0,1,0,0,0,1,1,1,0,1,0
345,3,0,0,0,5,100.0,0,0,0,0,0,0,0,0,0,1
718,9,1,2,1,49,60.0,0,0,0,0,0,0,0,1,0,0
656,5,1,1,1,15,1856.0,0,0,0,0,0,0,0,1,0,0
108,5,1,4,1,5,59.0,0,0,0,0,0,0,0,1,0,0
727,5,1,2,1,4,3673.0,0,0,0,0,0,0,0,1,0,0
736,5,1,2,1,49,60.0,0,0,0,0,0,0,0,1,0,0
498,6,1,2,2,92,100.0,0,0,0,0,0,0,0,1,0,0
550,5,1,2,2,54,8.0,1,0,0,1,1,1,1,0,1,0
824,6,1,3,2,0,100.0,0,0,0,0,0,0,0,1,0,0
794,9,1,1,1,124,129.0,0,0,0,0,0,0,0,1,0,0
816,12,1,1,1,124,129.0,0,0,0,0,0,0,0,1,0,0
844,9,1,1,1,19,162.0,0,0,0,0,0,0,0,1,0,0
818,14,1,1,1,124,129.0,0,0,0,0,0,0,0,1,0,0
92,4,1,1,1,2,419.0,0,0,0,0,0,0,0,1,0,0
276,5,1,1,1,20,69.0,0,0,0,0,0,0,0,1,0,0
797,6,1,4,2,2,27.0,1,0,0,0,0,1,1,0,1,0
341,5,1,4,2,1,271.0,0,0,0,0,0,0,0,1,0,0
582,5,1,2,2,92,60.0,0,0,0,0,0,0,0,1,0,0
344,4,1,2,1,5,217.0,0,0,0,0,0,0,0,1,0,0
807,6,1,1,1,10,1.0,0,1,1,1,1,1,1,0,1,0
97,4,1,1,1,2,419.0,0,0,0,0,0,0,0,1,0,0
752,5,1,3,2,3,114.0,0,0,0,0,0,0,0,1,0,0
445,3,0,0,0,1,100.0,0,0,0,0,0,0,0,0,0,1
230,6,0,0,0,7,100.0,0,0,0,0,0,0,0,0,0,1
568,5,1,4,3,5,203.0,0,0,0,0,0,0,0,1,0,0
329,6,1,1,1,119,28.0,1,0,0,0,0,1,1,0,1,0
840,15,1,3,3,19,162.0,0,0,0,0,0,0,0,1,0,0
253,5,1,2,1,49,60.0,0,0,0,0,0,0,0,1,0,0
214,4,0,0,0,8,100.0,0,0,0,0,0,0,0,0,0,1
569,7,1,5,4,5,203.0,0,0,0,0,0,0,0,1,0,0
354,7,1,2,2,119,28.0,1,0,0,0,0,1,1,0,1,0
377,5,1,1,1,119,28.0,1,0,0,0,0,1,1,0,1,0
744,9,1,2,1,49,60.0,0,0,0,0,0,0,0,1,0,0
162,5,1,6,1,3,4.0,0,1,1,1,1,1,1,0,1,0
722,4,1,16,2,25,874.0,0,0,0,0,0,0,0,1,0,0
699,4,0,0,0,34,100.0,0,0,0,0,0,0,0,0,0,1
373,3,1,1,1,22,72.0,0,0,0,0,0,0,0,1,0,0
544,7,1,4,3,54,8.0,1,0,0,1,1,1,1,0,1,0
370,3,0,0,0,1,100.0,0,0,0,0,0,0,0,0,0,1
623,5,1,1,1,28,282.0,0,0,0,0,0,0,0,1,0,0
539,12,1,1,1,92,100.0,0,0,0,0,0,0,0,1,0,0
125,6,1,3,1,6,46.0,0,1,0,0,0,1,0,1,0,0
687,12,1,2,1,49,60.0,0,0,0,0,0,0,0,1,0,0
405,5,1,1,1,119,28.0,1,0,0,0,0,1,1,0,1,0
798,4,1,4,2,2,27.0,1,0,0,0,0,1,1,0,1,0
829,3,1,1,1,3,314.0,0,0,0,0,0,0,0,1,0,0
351,4,1,1,1,119,28.0,1,0,0,0,0,1,1,0,1,0
602,3,1,1,1,6,75.0,0,0,0,0,0,0,0,1,0,0
795,5,1,5,3,2,27.0,1,0,0,0,0,1,1,0,1,0
98,4,1,1,1,7,1480.0,0,0,0,0,0,0,0,1,0,0
617,7,1,3,2,28,282.0,0,0,0,0,0,0,0,1,0,0
311,7,1,5,4,0,100.0,0,0,0,0,0,0,0,1,0,0
115,3,1,4,1,5,59.0,0,0,0,0,0,0,0,1,0,0
47,4,1,4,2,1,203.0,0,0,0,0,0,0,0,1,0,0
452,5,1,3,2,25,13.0,1,0,0,0,1,1,1,0,1,0
172,5,0,0,0,6,100.0,0,0,0,0,0,0,0,0,0,1
808,7,0,0,0,39,100.0,0,0,0,0,0,0,0,0,0,1
34,14,1,6,3,1,203.0,0,0,0,0,0,0,0,1,0,0
835,5,1,1,1,19,162.0,0,0,0,0,0,0,0,1,0,0
87,4,1,1,1,9,215.0,0,0,0,0,0,0,0,1,0,0
437,5,1,16,3,13,101.0,0,0,0,0,0,0,0,1,0,0
12,9,1,1,1,11,3.0,0,1,1,1,1,1,1,0,1,0
750,4,1,3,2,3,114.0,0,0,0,0,0,0,0,1,0,0
117,5,1,4,1,5,59.0,0,0,0,0,0,0,0,1,0,0
268,5,1,2,1,6,143.0,0,0,0,0,0,0,0,1,0,0
279,6,1,1,1,20,69.0,0,0,0,0,0,0,0,1,0,0
603,6,1,4,2,2,1.0,1,1,1,1,1,1,1,0,1,0
691,7,1,5,4,1,246.0,0,0,0,0,0,0,0,1,0,0
747,6,1,5,4,3,114.0,0,0,0,0,0,0,0,1,0,0
210,12,0,0,0,7,100.0,0,0,0,0,0,0,0,0,0,1
90,4,1,1,1,9,215.0,0,0,0,0,0,0,0,1,0,0
242,4,0,0,0,12,100.0,0,0,0,0,0,0,0,0,0,1
130,6,1,3,1,1,32.0,0,1,0,0,0,1,1,0,1,0
845,5,1,6,3,23,101.0,0,0,0,0,0,0,0,1,0,0
320,2,1,1,1,26,76.0,0,0,0,0,0,0,0,1,0,0
179,14,0,0,0,6,100.0,0,0,0,0,0,0,0,0,0,1
693,4,1,2,2,1,246.0,0,0,0,0,0,0,0,1,0,0
496,7,1,4,2,92,9.0,1,1,0,1,1,1,1,0,1,0
237,5,1,3,2,5,132.0,0,0,0,0,0,0,0,1,0,0
729,4,1,1,1,20,853.0,0,0,0,0,0,0,0,1,0,0
177,12,0,0,0,6,100.0,0,0,0,0,0,0,0,0,0,1
40,5,1,6,3,1,203.0,0,0,0,0,0,0,0,1,0,0
723,6,1,23,4,25,138.0,0,0,0,0,0,0,0,1,0,0
613,12,1,1,1,92,100.0,0,0,0,0,0,0,0,1,0,0
292,5,1,4,3,0,100.0,0,0,0,0,0,0,0,1,0,0
753,3,0,0,0,0,100.0,0,0,0,0,0,0,0,0,0,1
260,5,1,5,3,1,693.0,0,0,0,0,0,0,0,1,0,0
627,6,1,2,1,4,104.0,0,0,0,0,0,0,0,1,0,0
834,4,1,1,1,19,162.0,0,0,0,0,0,0,0,1,0,0
165,5,1,5,1,3,4.0,0,1,1,1,1,1,1,0,1,0
180,9,0,0,0,6,100.0,0,0,0,0,0,0,0,0,0,1
664,14,1,1,1,15,1856.0,0,0,0,0,0,0,0,1,0,0
611,15,1,4,2,92,9.0,1,1,0,1,1,1,1,0,1,0
393,5,1,2,2,22,203.0,0,0,0,0,0,0,0,1,0,0
83,6,1,1,1,2,148.0,0,0,0,0,0,0,0,1,0,0
383,12,1,1,1,119,28.0,1,0,0,0,0,1,1,0,1,0
313,4,1,3,2,0,100.0,0,0,0,0,0,0,0,1,0,0
596,6,1,3,2,22,21.0,1,0,0,0,0,1,1,0,1,0
838,5,1,1,1,19,162.0,0,0,0,0,0,0,0,1,0,0
677,6,1,3,2,1,14.0,1,0,0,0,1,1,1,0,1,0
133,6,1,2,1,1,32.0,0,1,0,0,0,1,1,0,1,0
774,6,1,2,2,21,203.0,0,0,0,0,0,0,0,1,0,0
628,7,0,0,0,0,100.0,0,0,0,0,0,0,0,0,0,1
517,5,1,5,3,2,8.0,1,0,0,1,1,1,1,0,1,0
567,9,1,1,1,92,100.0,0,0,0,0,0,0,0,1,0,0
11,4,0,0,0,15,100.0,0,0,0,0,0,0,0,0,0,1
754,3,1,2,1,5,106.0,0,0,0,0,0,0,0,1,0,0
561,5,1,1,1,92,100.0,0,0,0,0,0,0,0,1,0,0
335,5,1,6,3,1,271.0,0,0,0,0,0,0,0,1,0,0
688,14,1,2,1,49,60.0,0,0,0,0,0,0,0,1,0,0
434,12,1,1,1,119,28.0,1,0,0,0,0,1,1,0,1,0
458,12,1,1,1,25,37.0,1,0,0,0,0,1,1,0,1,0
15,5,1,2,1,1,203.0,0,0,0,0,0,0,0,1,0,0
740,15,1,8,3,49,60.0,0,0,0,0,0,0,0,1,0,0
663,12,1,1,1,15,1856.0,0,0,0,0,0,0,0,1,0,0
776,5,1,2,2,21,203.0,0,0,0,0,0,0,0,1,0,0
724,4,1,16,2,25,874.0,0,0,0,0,0,0,0,1,0,0
52,6,1,6,3,1,203.0,0,0,0,0,0,0,0,1,0,0
182,5,0,0,0,7,100.0,0,0,0,0,0,0,0,0,0,1
540,12,1,1,1,92,100.0,0,0,0,0,0,0,0,1,0,0
418,5,1,4,2,12,11.0,1,0,0,0,1,1,1,0,1,0
109,3,1,4,1,5,59.0,0,0,0,0,0,0,0,1,0,0
530,6,1,2,2,4,1.0,1,1,1,1,1,1,1,0,1,0
810,5,1,5,2,124,80.0,0,0,0,0,0,0,0,1,0,0
174,5,0,0,0,6,100.0,0,0,0,0,0,0,0,0,0,1
514,2,1,1,1,11,73.0,0,0,0,0,0,0,0,1,0,0
489,2,1,1,1,28,66.0,0,0,0,0,0,0,0,1,0,0
572,6,1,2,2,5,203.0,0,0,0,0,0,0,0,1,0,0
66,12,1,6,3,1,203.0,0,0,0,0,0,0,0,1,0,0
796,7,1,6,4,2,27.0,1,0,0,0,0,1,1,0,1,0
490,3,1,1,1,28,66.0,0,0,0,0,0,0,0,1,0,0
598,5,1,3,2,22,21.0,1,0,0,0,0,1,1,0,1,0
650,3,1,1,1,3,384.0,0,0,0,0,0,0,0,1,0,0
173,7,1,4,1,6,65.0,0,0,0,0,0,0,0,1,0,0
164,3,1,5,1,3,4.0,0,1,1,1,1,1,1,0,1,0
158,3,1,6,1,3,4.0,0,1,1,1,1,1,1,0,1,0
389,6,1,2,2,22,203.0,0,0,0,0,0,0,0,1,0,0
264,6,1,5,3,1,532.0,0,0,0,0,0,0,0,1,0,0
493,4,1,1,1,92,100.0,0,0,0,0,0,0,0,1,0,0
644,6,1,2,2,13,2351.0,0,0,0,0,0,0,0,1,0,0
444,5,1,16,3,13,12.0,1,1,0,0,1,1,1,0,1,0
470,3,0,0,0,1,100.0,0,0,0,0,0,0,0,0,0,1
208,6,0,0,0,7,100.0,0,0,0,0,0,0,0,0,0,1
323,7,0,0,0,7,100.0,0,0,0,0,0,0,0,0,0,1
261,7,1,6,4,1,685.0,0,0,0,0,0,0,0,1,0,0
735,5,1,3,2,49,60.0,0,0,0,0,0,0,0,1,0,0
145,3,1,1,1,3,31.0,0,1,0,0,0,1,1,0,1,0
507,4,1,3,2,9,112.0,0,0,0,0,0,0,0,1,0,0
103,4,1,1,1,7,1481.0,0,0,0,0,0,0,0,1,0,0
120,5,1,4,1,5,59.0,0,0,0,0,0,0,0,1,0,0
642,6,1,2,2,13,2351.0,0,0,0,0,0,0,0,1,0,0
503,9,1,1,1,92,100.0,0,0,0,0,0,0,0,1,0,0
146,3,1,1,1,3,31.0,0,1,0,0,0,1,1,0,1,0
154,3,1,6,1,3,4.0,0,1,1,1,1,1,1,0,1,0
768,14,1,1,1,124,129.0,0,0,0,0,0,0,0,1,0,0
74,6,1,5,3,1,203.0,0,0,0,0,0,0,0,1,0,0
637,12,1,1,1,92,100.0,0,0,0,0,0,0,0,1,0,0
431,6,1,1,1,119,28.0,1,0,0,0,0,1,1,0,1,0
597,4,1,3,2,22,21.0,1,0,0,0,0,1,1,0,1,0
398,3,1,2,1,4,298.0,0,0,0,0,0,0,0,1,0,0
492,7,1,2,1,23,35.0,0,1,0,0,0,1,1,0,1,0
655,4,1,1,1,15,1856.0,0,0,0,0,0,0,0,1,0,0
684,6,1,2,1,49,60.0,0,0,0,0,0,0,0,1,0,0
456,6,1,1,1,25,37.0,1,0,0,0,0,1,1,0,1,0
538,15,1,4,2,92,9.0,1,1,0,1,1,1,1,0,1,0
280,15,1,3,2,20,61.0,0,0,0,0,0,0,0,1,0,0
275,5,1,1,1,20,69.0,0,0,0,0,0,0,0,1,0,0
3,4,0,0,0,7,100.0,0,0,0,0,0,0,0,0,0,1
95,4,1,1,1,2,419.0,0,0,0,0,0,0,0,1,0,0
363,7,1,6,3,6,13.0,1,0,0,0,1,1,1,0,1,0
563,15,1,4,2,92,9.0,1,1,0,1,1,1,1,0,1,0
353,5,1,1,1,119,28.0,1,0,0,0,0,1,1,0,1,0
394,5,1,2,2,22,203.0,0,0,0,0,0,0,0,1,0,0
118,3,1,4,1,5,59.0,0,0,0,0,0,0,0,1,0,0
616,5,1,3,2,28,282.0,0,0,0,0,0,0,0,1,0,0
455,5,1,1,1,25,37.0,1,0,0,0,0,1,1,0,1,0
73,5,1,5,3,1,203.0,0,0,0,0,0,0,0,1,0,0
113,3,1,4,1,5,59.0,0,0,0,0,0,0,0,1,0,0
435,14,1,1,1,119,28.0,1,0,0,0,0,1,1,0,1,0
595,4,1,3,2,22,21.0,1,0,0,0,0,1,1,0,1,0
59,5,1,4,2,1,203.0,0,0,0,0,0,0,0,1,0,0
605,4,1,1,1,92,100.0,0,0,0,0,0,0,0,1,0,0
54,12,1,7,4,1,203.0,0,0,0,0,0,0,0,1,0,0
116,3,1,4,1,5,59.0,0,0,0,0,0,0,0,1,0,0
791,12,1,1,1,124,129.0,0,0,0,0,0,0,0,1,0,0
505,7,1,4,3,9,112.0,0,0,0,0,0,0,0,1,0,0
543,5,1,4,3,54,8.0,1,0,0,1,1,1,1,0,1,0
48,5,1,4,2,1,203.0,0,0,0,0,0,0,0,1,0,0
686,12,1,3,2,49,60.0,0,0,0,0,0,0,0,1,0,0
75,15,1,11,5,1,203.0,0,0,0,0,0,0,0,1,0,0
369,5,1,4,2,6,13.0,1,0,0,0,1,1,1,0,1,0
336,7,1,7,4,1,263.0,0,0,0,0,0,0,0,1,0,0
516,7,0,0,0,0,100.0,0,0,0,0,0,0,0,0,0,1
360,14,1,1,1,119,28.0,1,0,0,0,0,1,1,0,1,0
446,3,1,2,1,3,305.0,0,0,0,0,0,0,0,1,0,0
731,6,1,4,2,1,72.0,0,0,0,0,0,0,0,1,0,0
160,3,1,6,1,3,4.0,0,1,1,1,1,1,1,0,1,0
720,7,1,21,4,25,279.0,0,0,0,0,0,0,0,1,0,0
410,14,1,1,1,119,28.0,1,0,0,0,0,1,1,0,1,0
163,3,1,6,1,3,4.0,0,1,1,1,1,1,1,0,1,0
250,5,1,3,2,49,60.0,0,0,0,0,0,0,0,1,0,0
634,6,1,2,2,92,100.0,0,0,0,0,0,0,0,1,0,0
347,2,1,2,1,5,96.0,0,0,0,0,0,0,0,1,0,0
36,4,1,4,2,1,203.0,0,0,0,0,0,0,0,1,0,0
439,6,1,14,2,13,101.0,0,0,0,0,0,0,0,1,0,0
518,7,1,6,4,2,8.0,1,0,0,1,1,1,1,0,1,0
380,5,1,1,1,119,28.0,1,0,0,0,0,1,1,0,1,0
127,6,1,3,1,6,46.0,0,1,0,0,0,1,0,1,0,0
200,12,0,0,0,7,100.0,0,0,0,0,0,0,0,0,0,1
589,12,1,1,1,92,100.0,0,0,0,0,0,0,0,1,0,0
704,3,1,1,1,31,80.0,0,0,0,0,0,0,0,1,0,0
465,4,1,6,2,20,93.0,0,0,0,0,0,0,0,1,0,0
669,4,1,18,2,26,358.0,0,0,0,0,0,0,0,1,0,0
453,5,1,1,1,25,37.0,1,0,0,0,0,1,1,0,1,0
620,6,1,1,1,28,282.0,0,0,0,0,0,0,0,1,0,0
94,4,1,1,1,2,419.0,0,0,0,0,0,0,0,1,0,0
205,5,0,0,0,7,100.0,0,0,0,0,0,0,0,0,0,1
330,15,1,2,2,119,28.0,1,0,0,0,0,1,1,0,1,0
535,7,1,4,2,92,9.0,1,1,0,1,1,1,1,0,1,0
4,14,1,5,4,16,160.0,0,0,0,0,0,0,0,1,0,0
211,12,0,0,0,7,100.0,0,0,0,0,0,0,0,0,0,1
86,4,1,1,1,8,373.0,0,0,0,0,0,0,0,1,0,0
601,2,1,1,1,6,75.0,0,0,0,0,0,0,0,1,0,0
787,7,1,5,3,124,27.0,1,0,0,0,0,1,1,0,1,0
148,3,1,1,1,3,31.0,0,1,0,0,0,1,1,0,1,0
339,6,1,4,2,1,271.0,0,0,0,0,0,0,0,1,0,0
856,6,1,4,3,3,75.0,0,0,0,0,0,0,0,1,0,0
386,9,1,1,1,119,28.0,1,0,0,0,0,1,1,0,1,0
819,9,1,1,1,124,129.0,0,0,0,0,0,0,0,1,0,0
782,6,1,4,2,1,49.0,1,0,0,0,0,1,0,1,0,0
825,4,1,3,2,0,100.0,0,0,0,0,0,0,0,1,0,0
194,5,0,0,0,7,100.0,0,0,0,0,0,0,0,0,0,1
69,4,1,3,2,1,203.0,0,0,0,0,0,0,0,1,0,0
415,4,1,4,2,12,11.0,1,0,0,0,1,1,1,0,1,0
478,5,1,1,1,92,100.0,0,0,0,0,0,0,0,1,0,0
134,3,1,1,1,3,31.0,0,1,0,0,0,1,1,0,1,0
462,5,1,10,3,20,93.0,0,0,0,0,0,0,0,1,0,0
575,5,1,2,2,5,203.0,0,0,0,0,0,0,0,1,0,0
438,7,1,17,4,13,101.0,0,0,0,0,0,0,0,1,0,0
519,6,1,4,2,2,8.0,1,0,0,1,1,1,1,0,1,0
140,3,1,1,1,3,31.0,0,1,0,0,0,1,1,0,1,0
72,7,1,7,3,1,203.0,0,0,0,0,0,0,0,1,0,0
651,2,1,1,1,3,384.0,0,0,0,0,0,0,0,1,0,0
459,12,1,1,1,25,37.0,1,0,0,0,0,1,1,0,1,0
851,5,1,4,2,23,101.0,0,0,0,0,0,0,0,1,0,0
432,15,1,2,2,119,28.0,1,0,0,0,0,1,1,0,1,0
262,6,1,4,2,1,693.0,0,0,0,0,0,0,0,1,0,0
814,6,1,1,1,124,129.0,0,0,0,0,0,0,0,1,0,0
499,15,1,4,2,92,9.0,1,1,0,1,1,1,1,0,1,0
332,12,1,1,1,119,28.0,1,0,0,0,0,1,1,0,1,0
541,14,1,1,1,92,100.0,0,0,0,0,0,0,0,1,0,0
521,6,1,5,3,2,8.0,1,0,0,1,1,1,1,0,1,0
417,4,1,4,2,12,11.0,1,0,0,0,1,1,1,0,1,0
497,5,1,1,1,92,100.0,0,0,0,0,0,0,0,1,0,0
202,9,0,0,0,7,100.0,0,0,0,0,0,0,0,0,0,1
283,14,1,1,1,20,69.0,0,0,0,0,0,0,0,1,0,0
813,5,1,1,1,124,129.0,0,0,0,0,0,0,0,1,0,0
545,6,1,2,2,54,8.0,1,0,0,1,1,1,1,0,1,0
301,5,1,1,1,119,28.0,1,0,0,0,0,1,1,0,1,0
828,3,0,0,0,2,100.0,0,0,0,0,0,0,0,0,0,1
592,5,1,5,3,22,21.0,1,0,0,0,0,1,1,0,1,0
85,6,1,1,1,2,148.0,0,0,0,0,0,0,0,1,0,0
293,3,1,1,1,41,686.0,0,0,0,0,0,0,0,1,0,0
362,5,1,6,3,6,13.0,1,0,0,0,1,1,1,0,1,0
166,3,1,5,1,3,4.0,0,1,1,1,1,1,1,0,1,0
271,3,0,0,0,8,100.0,0,0,0,0,0,0,0,0,0,1
0,3,1,3,1,2,100.0,0,0,0,0,0,0,0,1,0,0
391,6,1,2,2,22,203.0,0,0,0,0,0,0,0,1,0,0
10,14,1,10,4,9,10.0,1,1,0,1,1,1,1,0,1,0
587,15,1,4,2,92,9.0,1,1,0,1,1,1,1,0,1,0
594,6,1,3,2,22,21.0,1,0,0,0,0,1,1,0,1,0
621,4,1,1,1,28,282.0,0,0,0,0,0,0,0,1,0,0
144,5,1,1,1,3,31.0,0,1,0,0,0,1,1,0,1,0
189,12,0,0,0,7,100.0,0,0,0,0,0,0,0,0,0,1
501,12,1,1,1,92,100.0,0,0,0,0,0,0,0,1,0,0
817,12,1,1,1,124,129.0,0,0,0,0,0,0,0,1,0,0
317,5,1,3,2,0,100.0,0,0,0,0,0,0,0,1,0,0
312,6,1,3,2,0,100.0,0,0,0,0,0,0,0,1,0,0
259,9,1,2,1,49,60.0,0,0,0,0,0,0,0,1,0,0
436,9,1,1,1,119,28.0,1,0,0,0,0,1,1,0,1,0
80,6,1,1,1,2,148.0,0,0,0,0,0,0,0,1,0,0
758,7,1,2,1,25,5.0,0,1,1,1,1,1,1,0,1,0
387,5,1,4,3,22,203.0,0,0,0,0,0,0,0,1,0,0
697,5,1,2,2,1,246.0,0,0,0,0,0,0,0,1,0,0
619,4,1,1,1,28,282.0,0,0,0,0,0,0,0,1,0,0
25,4,1,4,2,1,203.0,0,0,0,0,0,0,0,1,0,0
220,15,1,2,1,8,373.0,0,0,0,0,0,0,0,1,0,0
608,7,1,4,2,92,9.0,1,1,0,1,1,1,1,0,1,0
809,4,1,1,1,124,129.0,0,0,0,0,0,0,0,1,0,0
390,4,1,2,2,22,203.0,0,0,0,0,0,0,0,1,0,0
273,7,1,2,2,3,83.0,0,0,0,0,0,0,0,1,0,0
441,6,1,19,3,13,8.0,1,1,0,1,1,1,1,0,1,0
512,3,0,0,0,36,100.0,0,0,0,0,0,0,0,0,0,1
536,5,1,1,1,92,100.0,0,0,0,0,0,0,0,1,0,0
667,7,1,22,4,26,358.0,0,0,0,0,0,0,0,1,0,0
41,6,1,6,3,1,203.0,0,0,0,0,0,0,0,1,0,0
79,9,1,4,3,1,203.0,0,0,0,0,0,0,0,1,0,0
742,12,1,2,1,49,60.0,0,0,0,0,0,0,0,1,0,0
37,5,1,4,2,1,203.0,0,0,0,0,0,0,0,1,0,0
846,7,1,6,3,23,101.0,0,0,0,0,0,0,0,1,0,0
618,6,1,1,1,28,282.0,0,0,0,0,0,0,0,1,0,0
197,6,0,0,0,7,100.0,0,0,0,0,0,0,0,0,0,1
71,5,1,3,2,1,203.0,0,0,0,0,0,0,0,1,0,0
424,6,1,3,2,1,19.0,1,0,0,0,1,1,1,0,1,0
178,12,0,0,0,6,100.0,0,0,0,0,0,0,0,0,0,1
649,4,0,0,0,31,100.0,0,0,0,0,0,0,0,0,0,1
6,4,0,0,0,14,100.0,0,0,0,0,0,0,0,0,0,1
537,6,1,2,2,92,100.0,0,0,0,0,0,0,0,1,0,0
375,7,1,4,2,6,142.0,0,0,0,0,0,0,0,1,0,0
549,5,1,2,2,54,8.0,1,0,0,1,1,1,1,0,1,0
167,3,1,4,1,3,4.0,0,1,1,1,1,1,1,0,1,0
671,4,1,18,2,26,358.0,0,0,0,0,0,0,0,1,0,0
196,5,0,0,0,7,100.0,0,0,0,0,0,0,0,0,0,1
55,12,1,6,3,1,203.0,0,0,0,0,0,0,0,1,0,0
781,3,1,2,1,26,94.0,0,0,0,0,0,0,0,1,0,0
139,3,1,1,1,3,31.0,0,1,0,0,0,1,1,0,1,0
474,6,1,1,1,3,107.0,0,0,0,0,0,0,0,1,0,0
475,7,0,0,0,0,100.0,0,0,0,0,0,0,0,0,0,1
155,3,1,6,1,3,4.0,0,1,1,1,1,1,1,0,1,0
303,5,1,1,1,119,28.0,1,0,0,0,0,1,1,0,1,0
289,6,1,2,2,0,100.0,0,0,0,0,0,0,0,1,0,0
502,14,1,1,1,92,100.0,0,0,0,0,0,0,0,1,0,0
384,12,1,1,1,119,28.0,1,0,0,0,0,1,1,0,1,0
772,6,1,2,2,21,203.0,0,0,0,0,0,0,0,1,0,0
585,5,1,1,1,92,100.0,0,0,0,0,0,0,0,1,0,0
712,5,1,2,1,49,60.0,0,0,0,0,0,0,0,1,0,0
843,14,1,1,1,19,162.0,0,0,0,0,0,0,0,1,0,0
661,15,1,1,1,15,1856.0,0,0,0,0,0,0,0,1,0,0
374,6,1,4,2,2,11.0,1,0,0,0,1,1,1,0,1,0
442,4,1,14,2,13,101.0,0,0,0,0,0,0,0,1,0,0
612,12,1,1,1,92,100.0,0,0,0,0,0,0,0,1,0,0
147,5,1,1,1,3,31.0,0,1,0,0,0,1,1,0,1,0
837,7,1,2,2,19,162.0,0,0,0,0,0,0,0,1,0,0
764,6,1,1,1,124,129.0,0,0,0,0,0,0,0,1,0,0
681,5,1,2,1,49,60.0,0,0,0,0,0,0,0,1,0,0
288,4,1,2,2,0,100.0,0,0,0,0,0,0,0,1,0,0
404,7,1,2,2,119,28.0,1,0,0,0,0,1,1,0,1,0
788,5,1,1,1,124,129.0,0,0,0,0,0,0,0,1,0,0
13,8,1,1,1,11,3.0,0,1,1,1,1,1,1,0,1,0
27,5,1,4,2,1,203.0,0,0,0,0,0,0,0,1,0,0
520,4,1,4,2,2,8.0,1,0,0,1,1,1,1,0,1,0
640,5,1,4,3,13,288.0,0,0,0,0,0,0,0,1,0,0
29,5,1,6,3,1,203.0,0,0,0,0,0,0,0,1,0,0
319,3,1,1,1,26,76.0,0,0,0,0,0,0,0,1,0,0
151,3,1,1,1,3,32.0,0,1,0,0,0,1,1,0,1,0
272,6,1,4,2,2,14.0,1,0,0,0,1,1,1,0,1,0
64,15,1,12,5,1,203.0,0,0,0,0,0,0,0,1,0,0
770,5,1,4,3,21,203.0,0,0,0,0,0,0,0,1,0,0
638,14,1,1,1,92,100.0,0,0,0,0,0,0,0,1,0,0
725,5,1,16,2,25,874.0,0,0,0,0,0,0,0,1,0,0
775,4,1,2,2,21,203.0,0,0,0,0,0,0,0,1,0,0
