id,label,pred,proba,error,kind,demographic_restriction,severity_restriction,negation_in_protocol,missing_sex_field,missing_age_field,missing_icd_field,annotation_ambiguous,rare_guideline,protocol_len,missing_structured_fields
526,1,1,0.7639428872278361,False,correct,False,False,True,False,False,False,False,False,11283,False
314,1,1,0.9433992078990304,False,correct,False,True,True,False,False,False,False,False,2131,False
672,1,1,0.5072221504049487,False,correct,False,False,True,False,False,False,False,False,12676,False
707,1,1,0.5834466918520911,False,correct,True,False,True,False,False,False,False,False,9828,False
665,1,1,0.7337553502800983,False,correct,False,False,True,False,False,False,False,False,9107,False
346,0,0,0.0281005817937803,False,correct,False,False,True,False,False,False,False,False,1975,False
213,1,1,0.9378160756760814,False,correct,False,False,True,True,True,True,False,False,4529,True
509,0,0,0.3838844962129947,False,correct,False,False,True,False,False,False,False,False,2390,False
559,1,1,0.8934021838352179,False,correct,False,False,True,False,False,False,False,False,32765,False
321,0,0,0.0033630012434403,False,correct,True,False,True,False,False,False,False,False,5019,False
49,1,1,0.9727959270175456,False,correct,False,False,True,True,True,True,False,False,3953,True
112,1,0,0.2308256894340682,True,FN,False,False,True,True,True,True,False,False,4507,True
338,1,1,0.5396045811707875,False,correct,False,True,True,False,False,False,False,False,3640,False
447,0,0,0.0300616027181348,False,correct,False,False,True,False,False,False,False,False,4391,False
554,0,0,0.0028461309833856,False,correct,True,False,True,False,False,False,False,False,5079,False
643,1,1,0.9143209432555504,False,correct,False,True,True,False,False,False,False,False,5606,False
703,0,0,0.0499108733065778,False,correct,False,False,True,False,False,False,False,False,6290,False
578,0,0,0.0032519816298231,False,correct,True,False,True,False,False,False,False,False,6231,False
527,0,0,0.0261012318559044,False,correct,False,False,True,False,False,False,False,False,2049,False
790,0,0,0.1046945933630818,False,correct,False,False,True,False,False,False,False,False,26986,False
192,1,1,0.9454355479908356,False,correct,False,False,True,True,True,True,False,False,4634,True
583,1,1,0.9083802612857942,False,correct,False,False,True,False,False,False,False,False,32765,False
580,1,0,0.1951134560503002,True,FN,False,False,True,False,False,False,False,False,6673,False
448,0,0,0.0035338679134405,False,correct,True,False,True,False,False,False,False,False,4391,False
784,1,1,0.6855607901105751,False,correct,False,False,True,False,False,False,False,False,26986,False
471,0,0,0.0408977262820507,False,correct,False,False,True,False,False,False,False,False,4797,False
295,0,0,0.0637244044870799,False,correct,False,False,True,False,False,False,False,False,4057,False
396,0,0,0.0315899026607179,False,correct,False,False,True,False,False,False,False,False,4385,False
298,1,0,0.2474551962773525,True,FN,False,False,False,False,False,False,False,False,4257,False
852,0,0,0.4594754258832847,False,correct,False,False,True,False,False,False,False,False,10156,False
480,0,1,0.6619088914608726,True,FP,False,False,True,False,False,False,False,False,32765,False
695,0,0,0.2869561617712013,False,correct,False,False,True,False,False,False,False,False,5738,False
333,0,1,0.5408198463154078,True,FP,False,False,True,False,False,False,False,False,32765,False
39,1,1,0.774885146947792,False,correct,False,False,True,True,True,True,False,False,3987,True
749,1,1,0.9233584957791922,False,correct,False,True,True,False,False,False,False,False,4769,False
733,1,1,0.5716681531493742,False,correct,True,False,True,False,False,False,False,False,4131,False
222,1,1,0.9523601700545864,False,correct,False,False,True,True,True,True,False,False,4502,True
126,1,0,0.1104308390694015,True,FN,True,False,True,True,True,True,True,False,4177,True
107,1,0,0.299896301930313,True,FN,False,False,True,True,True,True,False,False,4346,True
181,1,1,0.9600430988496884,False,correct,False,False,True,True,True,True,False,False,4498,True
215,1,1,0.971353661717688,False,correct,False,False,True,True,True,True,False,False,4502,True
366,1,1,0.9926340514112127,False,correct,False,True,True,False,False,False,False,False,3619,False
836,1,1,0.6571364342116921,False,correct,False,False,True,False,False,False,False,False,8580,False
500,1,0,0.3628484503396557,True,FN,False,False,True,False,False,False,False,False,32765,False
562,1,1,0.7808984474393051,False,correct,False,False,True,False,False,False,False,False,32765,False
766,0,0,0.0984998316060596,False,correct,False,False,True,False,False,False,False,False,26986,False
100,1,1,0.867902214216495,False,correct,True,False,True,True,True,False,False,False,4208,True
531,0,0,0.4616602394163666,False,correct,False,False,True,False,False,False,False,False,2734,False
821,1,1,0.9702444520523096,False,correct,False,True,False,False,False,False,False,False,597,False
114,0,0,0.4571374471099496,False,correct,False,False,True,True,True,True,False,False,4566,True
706,0,0,0.3519407076661838,False,correct,False,False,True,False,False,False,False,False,706,False
274,1,1,0.6626297809641609,False,correct,False,False,True,False,False,False,False,False,5014,False
428,1,1,0.6406058137269637,False,correct,False,False,True,False,False,False,False,False,32765,False
700,0,0,0.2174980582702897,False,correct,True,False,True,False,False,False,False,False,2797,False
701,1,1,0.5559535952239715,False,correct,False,False,True,False,False,False,False,False,5082,False
746,1,1,0.9930551263131412,False,correct,False,True,True,False,False,False,False,False,4769,False
322,1,1,0.6616101082297671,False,correct,False,False,True,False,False,False,False,False,1560,False
216,1,1,0.947642875707454,False,correct,False,False,True,True,True,True,False,False,4502,True
443,0,0,0.4262112523155846,False,correct,False,False,True,False,False,False,False,False,7207,False
17,1,1,0.7478378477021805,False,correct,False,False,True,True,True,True,False,False,3854,True
812,0,0,0.1128656958411453,False,correct,False,False,True,False,False,False,False,False,26986,False
773,1,1,0.9268922018882894,False,correct,False,True,True,False,False,False,False,False,7209,False
78,1,1,0.9587485663230452,False,correct,False,False,True,True,True,True,False,False,3961,True
683,0,1,0.6184292994368574,True,FP,False,False,True,False,False,False,False,False,32765,False
606,1,1,0.9567708111701738,False,correct,False,False,True,False,False,False,False,False,32765,False
755,0,0,0.0416926707168343,False,correct,False,False,True,False,False,False,False,False,3373,False
68,1,1,0.98245250941361,False,correct,False,False,True,True,True,True,False,False,3859,True
399,0,1,0.6827012438539634,True,FP,False,False,True,False,False,False,False,False,1990,False
632,1,1,0.6058464438703324,False,correct,False,False,True,False,False,False,False,False,32765,False
529,0,0,0.0030955423901555,False,correct,True,False,True,False,False,False,False,False,2049,False
427,1,1,0.7262951819432384,False,correct,False,False,True,False,False,False,False,False,32765,False
709,1,1,0.9510600483012314,False,correct,False,False,True,False,False,False,False,False,32765,False
743,1,1,0.8171104144939874,False,correct,False,False,True,False,False,False,False,False,32765,False
461,1,1,0.7673261701987726,False,correct,False,False,True,False,False,False,False,False,10042,False
326,1,1,0.6229111371508729,False,correct,False,False,True,False,False,False,False,False,32765,False
841,0,0,0.1362448228199899,False,correct,False,False,True,False,False,False,False,False,8580,False
316,0,0,0.4140727390773136,False,correct,False,False,True,False,False,False,False,False,2131,False
287,0,0,0.3113158505989351,False,correct,False,False,False,False,False,False,False,False,1712,False
204,1,1,0.970970003695878,False,correct,False,False,True,True,True,True,False,False,4529,True
310,1,1,0.9322863872331648,False,correct,False,False,True,False,False,False,False,False,2131,False
305,0,0,0.1475117054008357,False,correct,False,False,True,False,False,False,False,False,32765,False
157,1,1,0.7028967659296619,False,correct,False,False,True,True,True,True,False,False,2058,True
269,1,1,0.7026531548675248,False,correct,False,False,True,False,False,False,False,False,1792,False
577,0,0,0.0605565791139384,False,correct,False,False,True,False,False,False,False,False,6231,False
217,1,1,0.7525887225440803,False,correct,False,False,True,True,True,True,False,False,4502,True
832,0,1,0.5042448136122617,True,FP,False,False,True,False,False,False,False,False,1245,False
564,1,0,0.3358085262656338,True,FN,False,False,True,False,False,False,False,False,32765,False
219,1,1,0.7785508986046902,False,correct,False,False,True,True,True,True,False,False,4502,True
104,1,0,0.4852234408228511,True,FN,False,False,True,True,True,True,False,False,4436,True
551,1,1,0.7386931620138825,False,correct,False,False,True,False,False,False,False,False,13157,False
361,1,1,0.7307081154309663,False,correct,False,False,True,False,False,False,False,False,32765,False
553,0,0,0.0475246759271426,False,correct,False,False,True,False,False,False,False,False,5079,False
228,1,1,0.5639282729438989,False,correct,False,False,True,True,True,True,False,False,4417,True
660,1,0,0.3439850471726303,True,FN,False,False,True,False,False,False,False,False,9107,False
170,1,1,0.946028240634282,False,correct,False,False,True,True,True,True,False,False,4486,True
748,1,1,0.989187761119877,False,correct,False,True,True,False,False,False,False,False,4769,False
77,1,1,0.968860802652044,False,correct,False,False,True,True,True,True,False,False,3961,True
265,1,0,0.1861720373073292,True,FN,False,False,True,False,False,False,False,False,2966,False
30,1,1,0.9323471973281072,False,correct,False,False,True,True,True,True,False,False,3983,True
7,1,1,0.7713289751415093,False,correct,False,False,True,True,True,True,False,False,3443,True
833,1,0,0.2476657914797105,True,FN,False,False,True,False,False,False,False,False,2639,False
785,1,1,0.6621597550197276,False,correct,False,False,True,False,False,False,False,False,26986,False
297,1,1,0.7932599455640292,False,correct,False,False,True,False,False,False,False,False,1493,False
802,0,0,0.2573475394021979,False,correct,False,False,True,False,False,False,False,False,2059,False
388,1,1,0.9606964748381666,False,correct,False,True,True,False,False,False,False,False,7446,False
175,1,1,0.8043762368444852,False,correct,False,False,True,True,True,True,False,False,4486,True
318,0,1,0.6699980841059417,True,FP,False,False,False,False,False,False,False,False,1968,False
590,1,1,0.8823417133107405,False,correct,False,False,True,False,False,False,False,False,32765,False
150,1,0,0.4380545078143136,True,FN,False,False,True,True,True,True,False,False,2363,True
426,1,1,0.7729574080086576,False,correct,False,False,True,False,False,False,False,False,32765,False
604,1,0,0.4715048152689926,True,FN,False,False,True,False,False,False,False,False,4544,False
306,0,0,0.1106848458964203,False,correct,False,False,True,False,False,False,False,False,32765,False
565,0,1,0.9099228474241694,True,FP,False,False,True,False,False,False,False,False,32765,False
152,1,1,0.9192186587042426,False,correct,False,False,True,True,True,True,False,False,2090,True
647,1,0,0.2699592486912295,True,FN,False,False,True,False,False,False,False,False,5606,False
454,0,0,0.2431145983777511,False,correct,False,False,True,False,False,False,False,False,10042,False
670,1,1,0.8418816015046001,False,correct,False,True,True,False,False,False,False,False,12676,False
385,0,1,0.5929426582873375,True,FP,False,False,True,False,False,False,False,False,32765,False
251,1,1,0.7872380097969564,False,correct,False,False,True,False,False,False,False,False,32765,False
739,1,1,0.6277381662484768,False,correct,False,False,True,False,False,False,False,False,32765,False
630,1,1,0.9562938265409948,False,correct,False,False,True,False,False,False,False,False,32765,False
759,1,1,0.708292198447069,False,correct,False,False,True,False,False,False,False,False,26986,False
525,1,0,0.2007779364121741,True,FN,True,False,False,False,False,False,True,False,1756,False
679,1,1,0.8915321686590291,False,correct,False,False,True,False,False,False,False,False,32765,False
131,1,0,0.290225057132302,True,FN,True,False,True,True,True,True,False,False,1198,True
857,1,1,0.627756510015394,False,correct,False,False,True,True,True,True,False,False,2384,True
486,1,1,0.9433425000941452,False,correct,False,False,True,False,False,False,False,False,32765,False
414,0,0,0.2264379247254754,False,correct,False,False,True,False,False,False,False,False,5963,False
610,1,1,0.7808984474393051,False,correct,False,False,True,False,False,False,False,False,32765,False
588,1,0,0.357057060440228,True,FN,False,False,True,False,False,False,False,False,32765,False
714,1,0,0.4799949467730448,True,FN,False,False,True,False,False,False,False,False,32765,False
783,0,0,0.2532921288047173,False,correct,False,False,True,False,False,False,False,False,3932,False
689,1,1,0.9295330953886642,False,correct,False,False,True,False,False,False,False,False,32765,False
552,0,0,0.0194859455330566,False,correct,False,False,True,False,False,False,False,False,5079,False
477,1,1,0.9562938265409948,False,correct,False,False,True,False,False,False,False,False,32765,False
848,1,1,0.9143778464803044,False,correct,False,True,True,False,False,False,False,False,10156,False
256,0,0,0.3333466860975685,False,correct,False,False,True,False,False,False,False,False,32765,False
9,0,0,0.3298919333936297,False,correct,False,False,True,True,True,True,False,False,4666,True
129,0,1,0.759317319202052,True,FP,True,False,True,True,True,True,False,False,1219,True
364,1,0,0.3631875546644466,True,FN,False,False,True,False,False,False,False,False,3619,False
528,0,0,0.058469638041503,False,correct,False,False,True,False,False,False,False,False,2049,False
421,0,0,0.027380830347263,False,correct,False,False,True,False,False,False,False,False,3908,False
38,1,1,0.9661092175103916,False,correct,False,False,True,True,True,True,False,False,3987,True
349,1,1,0.6540881388918054,False,correct,False,False,True,False,False,False,False,False,1764,False
302,0,0,0.1458339657477911,False,correct,False,False,True,False,False,False,False,False,32765,False
484,0,1,0.8814439693777512,True,FP,False,False,True,False,False,False,False,False,32765,False
494,1,1,0.9509226939649824,False,correct,False,False,True,False,False,False,False,False,32765,False
793,1,0,0.3953951646794865,True,FN,False,False,True,False,False,False,False,False,26986,False
110,1,1,0.507381711863388,False,correct,False,False,True,True,True,True,False,False,4507,True
81,0,0,0.1089703236309539,False,correct,True,False,True,True,True,True,False,False,1205,True
239,1,1,0.5306895630437221,False,correct,False,False,True,True,True,False,False,False,5863,True
511,0,0,0.2099207284741635,False,correct,False,False,True,False,False,False,False,False,2390,False
476,1,1,0.946546822998443,False,correct,False,False,True,False,False,False,False,False,32765,False
460,1,1,0.5837701455074981,False,correct,False,False,True,False,False,False,False,False,10042,False
286,1,1,0.9618772212934954,False,correct,False,True,False,False,False,False,False,False,1712,False
614,1,1,0.8667529695808587,False,correct,False,False,True,False,False,False,False,False,32765,False
184,0,1,0.7534252722902272,True,FP,False,False,True,True,True,True,False,False,4498,True
51,1,1,0.8091147668083666,False,correct,False,False,True,True,True,True,False,False,3953,True
757,1,1,0.6938605810854817,False,correct,False,False,True,False,False,False,False,False,1357,False
101,1,1,0.8303179493479916,False,correct,True,False,True,True,True,False,False,False,4408,True
266,1,0,0.4618857101135333,True,FN,False,False,True,False,False,False,False,False,2966,False
692,0,0,0.2129700440970486,False,correct,False,False,True,False,False,False,False,False,5738,False
278,0,0,0.1382356530316983,False,correct,False,False,True,False,False,False,False,False,5014,False
622,1,1,0.5616105024630139,False,correct,False,False,True,False,False,False,False,False,6332,False
719,1,1,0.9908706894097146,False,correct,False,False,True,False,False,False,False,False,11252,False
762,0,0,0.1342390823821615,False,correct,False,False,True,False,False,False,False,False,26986,False
711,1,0,0.3003615863239667,True,FN,False,False,True,False,False,False,False,False,32765,False
249,1,1,0.9430210845987796,False,correct,False,False,True,False,False,False,False,False,32765,False
254,1,1,0.7401334519169956,False,correct,False,False,True,False,False,False,False,False,32765,False
258,1,1,0.8171104144939874,False,correct,False,False,True,False,False,False,False,False,32765,False
581,1,1,0.946546822998443,False,correct,False,False,True,False,False,False,False,False,32765,False
767,1,0,0.4944470558875323,True,FN,False,False,True,False,False,False,False,False,26986,False
136,0,0,0.3482534357266921,False,correct,False,False,True,True,True,True,False,False,2394,True
355,0,0,0.1616844906436874,False,correct,False,False,True,False,False,False,False,False,32765,False
88,0,1,0.5250120259997543,True,FP,True,False,True,True,True,True,False,False,3661,True
82,0,0,0.1112671139025482,False,correct,True,False,True,True,True,True,False,False,1152,True
236,1,1,0.564221120052798,False,correct,False,False,True,True,True,False,False,False,2008,True
633,1,1,0.6486137914542609,False,correct,False,False,True,False,False,False,False,False,32765,False
244,0,1,0.6918287508372661,True,FP,False,False,True,True,True,True,False,False,1758,True
379,0,0,0.1888001874782983,False,correct,False,False,True,False,False,False,False,False,32765,False
76,0,1,0.7753929769217023,True,FP,False,False,True,True,True,True,False,False,3961,True
412,1,1,0.9754602061179398,False,correct,False,False,True,False,False,False,False,False,5963,False
382,0,0,0.152218211770583,False,correct,False,False,True,False,False,False,False,False,32765,False
842,1,1,0.5492067120750961,False,correct,False,False,True,False,False,False,False,False,8580,False
304,1,0,0.3105000853135,True,FN,False,False,True,False,False,False,False,False,32765,False
859,1,0,0.485506805214781,True,FN,False,False,True,True,True,True,False,False,1847,True
350,1,0,0.2682462506557928,True,FN,False,False,False,False,False,False,False,False,2765,False
433,0,0,0.0913662441891185,False,correct,False,False,True,False,False,False,False,False,32765,False
751,1,1,0.5842967331946125,False,correct,False,False,True,False,False,False,False,False,4769,False
18,1,1,0.8473533527203404,False,correct,False,False,True,True,True,True,False,False,3854,True
763,0,0,0.1613815483785933,False,correct,False,False,True,False,False,False,False,False,26986,False
591,1,1,0.920466987965354,False,correct,False,False,True,False,False,False,False,False,32765,False
599,0,0,0.1460520990262289,False,correct,False,False,True,False,False,False,False,False,12278,False
285,1,1,0.9799712019340538,False,correct,False,False,False,False,False,False,False,False,1712,False
847,1,0,0.2316426736420056,True,FN,False,False,True,False,False,False,False,False,10156,False
761,1,1,0.523922164075777,False,correct,False,False,True,False,False,False,False,False,26986,False
119,1,0,0.3109848651794557,True,FN,False,False,True,True,True,True,False,False,3881,True
504,1,1,0.9374970348010044,False,correct,False,False,True,False,False,False,False,False,2390,False
277,0,0,0.1032691849782575,False,correct,False,False,True,False,False,False,False,False,5014,False
800,0,0,0.3371898035727049,False,correct,False,False,True,False,False,False,False,False,2059,False
666,1,1,0.8995259847872575,False,correct,False,False,True,False,False,False,False,False,12676,False
337,0,0,0.1662715303704903,False,correct,False,False,True,False,False,False,False,False,3640,False
176,0,1,0.6812715071677059,True,FP,False,False,True,True,True,True,False,False,4486,True
91,0,1,0.5232795749706162,True,FP,True,False,True,True,True,True,False,False,3661,True
245,1,0,0.4102715681425259,True,FN,False,False,True,False,False,False,False,False,2350,False
467,1,0,0.2291939656430419,True,FN,False,False,True,False,False,False,False,False,9717,False
823,1,1,0.986544904697922,False,correct,False,True,False,False,False,False,False,False,597,False
195,1,1,0.7507365719341107,False,correct,False,False,True,True,True,True,False,False,4634,True
495,1,1,0.9014382991196416,False,correct,False,False,True,False,False,False,False,False,32765,False
571,1,1,0.8936836172205751,False,correct,False,True,True,False,False,False,False,False,4713,False
485,1,1,0.8667529695808587,False,correct,False,False,True,False,False,False,False,False,32765,False
132,1,0,0.3033147908947901,True,FN,True,False,True,True,True,True,False,False,1198,True
685,0,0,0.4518712276571589,False,correct,False,False,True,False,False,False,False,False,32765,False
111,0,0,0.4616477119287052,False,correct,False,False,True,True,True,True,False,False,4507,True
225,1,1,0.946497137627279,False,correct,False,False,True,True,True,True,False,False,4417,True
63,1,1,0.9119135868698444,False,correct,False,False,True,True,True,True,False,False,3859,True
635,1,1,0.5809631362331266,False,correct,False,False,True,False,False,False,False,False,32765,False
218,1,1,0.6770658054853523,False,correct,False,False,True,True,True,True,False,False,4502,True
792,1,0,0.4326764350079428,True,FN,False,False,True,False,False,False,False,False,26986,False
402,1,1,0.7907993300277987,False,correct,False,False,True,False,False,False,False,False,32765,False
309,1,1,0.6951431151628609,False,correct,False,False,True,False,False,False,False,False,32765,False
745,1,1,0.9522049327367575,False,correct,False,False,True,False,False,False,False,False,4769,False
855,0,0,0.0034736288263008,False,correct,True,False,True,False,False,False,False,False,4160,False
243,1,1,0.5930460240723457,False,correct,True,False,True,True,True,False,False,False,3168,True
654,0,0,0.4115120756489018,False,correct,False,False,True,False,False,False,False,False,5350,False
799,1,1,0.9376269220081692,False,correct,False,True,True,False,False,False,False,False,2059,False
46,1,1,0.97495338247281,False,correct,False,False,True,True,True,True,False,False,3987,True
263,1,1,0.9485389446990264,False,correct,False,True,True,False,False,False,False,False,2966,False
99,1,1,0.857085849276846,False,correct,True,False,True,True,True,False,False,False,4110,True
641,1,1,0.9918285478456486,False,correct,False,True,True,False,False,False,False,False,5606,False
22,1,1,0.9558116262894512,False,correct,False,False,True,True,True,True,False,False,3854,True
403,1,1,0.6406058137269637,False,correct,False,False,True,False,False,False,False,False,32765,False
235,1,1,0.9522006020955536,False,correct,False,False,True,True,True,True,False,False,4417,True
267,0,0,0.3496536351983717,False,correct,False,False,True,False,False,False,False,False,2966,False
57,1,1,0.9750670637483532,False,correct,False,False,True,True,True,True,False,False,3953,True
124,0,0,0.3048252791397107,False,correct,True,False,True,True,True,True,False,False,4278,True
240,0,1,0.729437827062025,True,FP,False,False,True,True,True,False,False,False,5863,True
334,1,1,0.7010939507620649,False,correct,False,False,True,False,False,False,False,False,32765,False
291,1,1,0.6340400463987791,False,correct,False,False,False,False,False,False,False,False,1712,False
676,0,0,0.0056465496953098,False,correct,True,False,True,False,False,False,False,False,3915,False
696,0,0,0.433824231747011,False,correct,False,False,True,False,False,False,False,False,5738,False
123,0,0,0.2317979788768927,False,correct,True,False,True,True,True,True,False,False,4192,True
652,0,0,0.0049581910930543,False,correct,True,False,True,False,False,False,False,False,3665,False
143,0,1,0.5572083658403659,True,FP,False,False,True,True,True,True,False,False,2447,True
469,0,0,0.1447316760490388,False,correct,False,False,True,False,False,False,False,False,9717,False
226,1,1,0.9711373716069464,False,correct,False,False,True,True,True,True,False,False,4417,True
411,1,1,0.6606196419665301,False,correct,False,False,True,False,False,False,False,False,32765,False
615,1,1,0.920466987965354,False,correct,False,False,True,False,False,False,False,False,32765,False
777,0,0,0.3210838286161939,False,correct,False,False,True,False,False,False,False,False,7209,False
270,0,0,0.281381531901518,False,correct,True,False,True,False,False,False,False,False,3070,False
850,1,0,0.1919788753187206,True,FN,False,False,True,False,False,False,False,False,10156,False
325,1,1,0.8056204370343861,False,correct,False,False,True,False,False,False,False,False,32765,False
193,1,1,0.9699572666841816,False,correct,False,False,True,True,True,True,False,False,4634,True
658,0,0,0.1990206624801326,False,correct,False,False,True,False,False,False,False,False,9107,False
307,1,0,0.4827492881342953,True,FN,False,False,True,False,False,False,False,False,32765,False
803,1,1,0.6072601405412213,False,correct,False,False,True,False,False,False,False,False,2782,False
659,0,0,0.200375735341263,False,correct,False,False,True,False,False,False,False,False,9107,False
35,1,1,0.9708547553688026,False,correct,False,False,True,True,True,True,False,False,3983,True
726,0,0,0.2265617120287061,False,correct,False,False,True,False,False,False,False,False,11252,False
137,1,0,0.368074529935901,True,FN,False,False,True,True,True,True,False,False,2535,True
716,1,1,0.7411046160666411,False,correct,False,False,True,False,False,False,False,False,32765,False
397,0,0,0.0195869249132917,False,correct,False,False,True,False,False,False,False,False,4385,False
624,0,0,0.0260207886545541,False,correct,False,False,True,False,False,False,False,False,5283,False
673,1,0,0.2603721567897893,True,FN,False,False,True,False,False,False,False,False,12676,False
639,1,1,0.9092662035131004,False,correct,False,False,True,False,False,False,False,False,32765,False
574,1,0,0.3785343230509108,True,FN,False,False,True,False,False,False,False,False,4713,False
625,0,0,0.0533833126771021,False,correct,False,False,True,False,False,False,False,False,5283,False
199,1,0,0.4281387088587321,True,FN,False,False,True,True,True,True,False,False,4634,True
705,1,1,0.6641892712877525,False,correct,False,False,True,False,False,False,False,False,1319,False
161,1,1,0.8430883227052893,False,correct,False,False,True,True,True,True,False,False,1993,True
690,1,1,0.849673002031045,False,correct,False,False,True,False,False,False,False,False,5738,False
93,1,1,0.7886876336346225,False,correct,True,False,True,True,True,True,False,False,2160,True
342,0,0,0.2224241726626937,False,correct,False,False,True,False,False,False,False,False,3640,False
169,1,1,0.8089854367465229,False,correct,False,False,True,True,True,True,False,False,1809,True
510,1,0,0.4440146298840765,True,FN,False,False,True,False,False,False,False,False,2390,False
548,1,0,0.2187449778370937,True,FN,False,False,True,False,False,False,False,False,7485,False
730,1,1,0.6157047961365062,False,correct,False,False,True,False,False,False,False,False,5082,False
449,0,0,0.4790801692084327,False,correct,False,False,True,False,False,False,False,False,1318,False
187,1,1,0.6268753428124183,False,correct,False,False,True,True,True,True,False,False,4498,True
186,1,1,0.7944274753208318,False,correct,False,False,True,True,True,True,False,False,4498,True
419,0,0,0.2406011344874002,False,correct,False,False,True,False,False,False,False,False,5963,False
356,1,0,0.3280054598582066,True,FN,False,False,True,False,False,False,False,False,32765,False
678,0,0,0.4753103047173695,False,correct,False,False,True,False,False,False,False,False,1803,False
324,1,1,0.712936121252564,False,correct,False,False,True,False,False,False,False,False,32765,False
830,0,0,0.0412298795348279,False,correct,False,False,True,False,False,False,False,False,2057,False
675,0,0,0.0673654650343074,False,correct,False,False,True,False,False,False,False,False,3915,False
31,1,1,0.7795018062459076,False,correct,False,False,True,True,True,True,False,False,3983,True
629,1,1,0.946546822998443,False,correct,False,False,True,False,False,False,False,False,32765,False
473,0,0,0.0035336673958993,False,correct,True,False,True,False,False,False,False,False,4797,False
542,1,1,0.9092662035131004,False,correct,False,False,True,False,False,False,False,False,32765,False
1,1,1,0.6384013170092463,False,correct,False,False,True,True,True,False,False,False,2520,True
534,1,1,0.9014382991196416,False,correct,False,False,True,False,False,False,False,False,32765,False
407,0,0,0.152218211770583,False,correct,False,False,True,False,False,False,False,False,32765,False
839,1,0,0.3871045305586634,True,FN,False,False,True,False,False,False,False,False,8580,False
713,1,1,0.5494126413217121,False,correct,False,False,True,False,False,False,False,False,32765,False
547,1,1,0.9741500282964988,False,correct,False,True,True,False,False,False,False,False,7485,False
282,0,0,0.496217122493616,False,correct,False,False,True,False,False,False,False,False,5014,False
153,1,1,0.7619818142690287,False,correct,False,False,True,True,True,True,False,False,2090,True
122,0,0,0.2903318845891811,False,correct,True,False,True,True,True,True,False,False,3585,True
185,0,1,0.7858400781387025,True,FP,False,False,True,True,True,True,False,False,4498,True
420,1,1,0.7262828653054121,False,correct,False,False,True,False,False,False,False,False,9756,False
21,1,1,0.6200867584094161,False,correct,False,False,True,True,True,True,False,False,3854,True
395,1,1,0.6808688071480171,False,correct,False,False,False,False,False,False,False,False,1479,False
631,1,1,0.9017343771580236,False,correct,False,False,True,False,False,False,False,False,32765,False
425,0,0,0.4000910162109125,False,correct,False,False,True,False,False,False,False,False,5082,False
367,0,1,0.7287565014858381,True,FP,False,False,True,False,False,False,False,False,3619,False
487,0,1,0.72933545027634,True,FP,False,False,False,False,False,False,False,False,630,False
674,0,0,0.0245025865525349,False,correct,False,False,True,False,False,False,False,False,3915,False
708,1,1,0.921811847697094,False,correct,False,False,True,False,False,False,False,False,32765,False
756,0,0,0.002949392594193,False,correct,True,False,True,False,False,False,False,False,3373,False
648,1,1,0.6168319171805579,False,correct,False,False,True,False,False,False,False,False,6133,False
472,0,0,0.0284228085623139,False,correct,False,False,True,False,False,False,False,False,4797,False
408,0,0,0.0913662441891185,False,correct,False,False,True,False,False,False,False,False,32765,False
789,0,0,0.3042106912755067,False,correct,False,False,True,False,False,False,False,False,26986,False
257,1,1,0.8986786573243787,False,correct,False,False,True,False,False,False,False,False,32765,False
296,0,0,0.0034796173023685,False,correct,True,False,True,False,False,False,False,False,4057,False
556,0,0,0.1805617811211395,False,correct,False,False,True,False,False,False,False,False,7092,False
780,0,0,0.04328262224349,False,correct,False,False,True,False,False,False,False,False,5999,False
858,0,1,0.6380179124632044,True,FP,False,False,True,True,True,True,False,False,1542,True
854,0,0,0.0551147759247388,False,correct,False,False,True,False,False,False,False,False,4160,False
682,1,0,0.3003615863239667,True,FN,False,False,True,False,False,False,False,False,32765,False
183,1,1,0.9382418808905768,False,correct,False,False,True,True,True,True,False,False,4498,True
376,1,1,0.712936121252564,False,correct,False,False,True,False,False,False,False,False,32765,False
646,1,0,0.4885155623415843,True,FN,False,False,True,False,False,False,False,False,5606,False
16,1,1,0.9673460849341872,False,correct,False,False,True,True,True,True,False,False,3854,True
14,1,1,0.9890982907626976,False,correct,False,False,True,True,True,True,False,False,3854,True
300,1,1,0.7262951819432384,False,correct,False,False,True,False,False,False,False,False,32765,False
156,1,1,0.8559077740217698,False,correct,False,False,True,True,True,True,False,False,2058,True
702,0,0,0.0180282257576438,False,correct,False,False,True,False,False,False,False,False,6290,False
96,1,1,0.8272520359120412,False,correct,True,False,True,True,True,True,False,False,2289,True
62,1,1,0.8475801401723292,False,correct,False,False,True,True,True,True,False,False,3859,True
281,0,0,0.08960917546007,False,correct,False,False,True,False,False,False,False,False,5014,False
89,0,1,0.5271055254942891,True,FP,True,False,True,True,True,True,False,False,3696,True
20,1,1,0.744157954225583,False,correct,False,False,True,True,True,True,False,False,3854,True
102,1,1,0.829356973893581,False,correct,True,False,True,True,True,False,False,False,4308,True
820,1,1,0.992491223289986,False,correct,False,False,False,False,False,False,False,False,597,False
229,1,1,0.6753701299194897,False,correct,False,False,True,True,True,True,False,False,4417,True
636,1,0,0.3628484503396557,True,FN,False,False,True,False,False,False,False,False,32765,False
416,1,1,0.9715433694553886,False,correct,False,True,True,False,False,False,False,False,5963,False
345,1,1,0.599454021610635,False,correct,False,False,True,False,False,False,False,False,6276,False
718,1,1,0.9295330953886642,False,correct,False,False,True,False,False,False,False,False,32765,False
656,1,1,0.7374290620229763,False,correct,False,False,True,False,False,False,False,False,9107,False
108,0,0,0.3045909291783611,False,correct,False,False,True,True,True,True,False,False,4346,True
727,1,1,0.5975997836589718,False,correct,False,False,True,False,False,False,False,False,5424,False
736,1,1,0.7872380097969564,False,correct,False,False,True,False,False,False,False,False,32765,False
498,1,1,0.746877725570303,False,correct,False,False,True,False,False,False,False,False,32765,False
550,1,0,0.2902651359950575,True,FN,False,False,True,False,False,False,False,False,7485,False
824,1,1,0.9681471760500856,False,correct,False,True,False,False,False,False,False,False,597,False
794,1,1,0.6323131285288652,False,correct,False,False,True,False,False,False,False,False,26986,False
816,0,0,0.0714087772868871,False,correct,False,False,True,False,False,False,False,False,26986,False
844,1,1,0.7909719292914039,False,correct,False,False,True,False,False,False,False,False,8580,False
818,0,0,0.4707793273664534,False,correct,False,False,True,False,False,False,False,False,26986,False
92,1,1,0.7848289350593224,False,correct,True,False,True,True,True,True,False,False,2253,True
276,1,0,0.4239528839270069,True,FN,False,False,True,False,False,False,False,False,5014,False
797,0,0,0.2086820719368579,False,correct,False,False,True,False,False,False,False,False,2059,False
341,0,0,0.4877494888624779,False,correct,False,False,True,False,False,False,False,False,3640,False
582,1,1,0.9567708111701738,False,correct,False,False,True,False,False,False,False,False,32765,False
344,1,1,0.5696344975873727,False,correct,False,False,True,False,False,False,False,False,5942,False
807,0,0,0.3187217647355738,False,correct,False,False,True,False,False,False,False,False,4790,False
97,1,1,0.7996377887360357,False,correct,True,False,True,True,True,True,False,False,2335,True
752,1,0,0.2629554558570101,True,FN,False,False,True,False,False,False,False,False,4769,False
445,1,1,0.7542552719020448,False,correct,False,False,True,False,False,False,False,False,871,False
230,1,1,0.8047490786058269,False,correct,False,False,True,True,True,True,False,False,4417,True
568,1,1,0.9885039454590328,False,correct,False,False,True,False,False,False,False,False,4713,False
329,0,0,0.3482190457929551,False,correct,False,False,True,False,False,False,False,False,32765,False
840,0,0,0.2836678325929021,False,correct,False,False,True,False,False,False,False,False,8580,False
253,0,1,0.6184292994368574,True,FP,False,False,True,False,False,False,False,False,32765,False
214,1,1,0.9608432871637188,False,correct,False,False,True,True,True,True,False,False,4502,True
569,1,1,0.9616064538932192,False,correct,False,True,True,False,False,False,False,False,4713,False
354,0,0,0.1888001874782983,False,correct,False,False,True,False,False,False,False,False,32765,False
377,1,1,0.7262951819432384,False,correct,False,False,True,False,False,False,False,False,32765,False
744,1,1,0.836319126673516,False,correct,False,False,True,False,False,False,False,False,32765,False
162,1,1,0.7401079499006512,False,correct,False,False,True,True,True,True,False,False,1993,True
722,0,1,0.9846594090753028,True,FP,False,True,True,False,False,False,False,False,11252,False
699,0,1,0.6326004963910822,True,FP,False,False,True,False,False,False,False,False,6840,False
373,0,0,0.0024619402056395,False,correct,True,False,True,False,False,False,False,False,4865,False
544,1,1,0.9727085214686928,False,correct,False,True,True,False,False,False,False,False,7485,False
370,1,1,0.620093414329327,False,correct,False,False,True,False,False,False,False,False,1860,False
623,1,0,0.2561495338523149,True,FN,False,False,True,False,False,False,False,False,6332,False
539,0,0,0.4761094562928965,False,correct,False,False,True,False,False,False,False,False,32765,False
125,0,0,0.2306523379717177,False,correct,True,False,True,True,True,True,False,False,4333,True
687,1,1,0.7411046160666411,False,correct,False,False,True,False,False,False,False,False,32765,False
405,0,0,0.211431662613261,False,correct,False,False,True,False,False,False,False,False,32765,False
798,1,1,0.8892173338246502,False,correct,False,True,True,False,False,False,False,False,2059,False
829,0,0,0.0428508037339119,False,correct,False,False,True,False,False,False,False,False,2057,False
351,1,1,0.7622597577138959,False,correct,False,False,True,False,False,False,False,False,32765,False
602,0,0,0.0060749754991753,False,correct,True,False,True,False,False,False,False,False,3174,False
795,1,1,0.9210474730665588,False,correct,False,False,True,False,False,False,False,False,2059,False
98,1,1,0.849829609264437,False,correct,True,False,True,True,True,False,False,False,4176,True
617,1,1,0.9965714309927716,False,correct,False,True,True,False,False,False,False,False,6332,False
311,1,1,0.9834278204464624,False,correct,False,True,True,False,False,False,False,False,2131,False
115,0,0,0.3142357166504617,False,correct,False,False,True,True,True,True,False,False,4566,True
47,1,1,0.983219952832788,False,correct,False,False,True,True,True,True,False,False,3953,True
452,1,1,0.7555101496548391,False,correct,False,False,True,False,False,False,False,False,10042,False
172,1,1,0.9323009196088612,False,correct,False,False,True,True,True,True,False,False,4486,True
808,1,0,0.2229981611261841,True,FN,False,False,True,False,False,False,False,False,8127,False
34,1,1,0.9538183057525536,False,correct,False,False,True,True,True,True,False,False,3983,True
835,1,1,0.8395867964313379,False,correct,False,False,True,False,False,False,False,False,8580,False
87,0,0,0.39541845348085,False,correct,True,False,True,True,True,True,False,False,3551,True
437,1,1,0.9024802642226912,False,correct,False,False,True,False,False,False,False,False,7207,False
12,0,0,0.48766820957164,False,correct,False,False,True,True,True,True,False,True,2815,True
750,1,0,0.452832048445854,True,FN,False,False,True,False,False,False,False,False,4769,False
117,0,0,0.4911215520843683,False,correct,False,False,True,True,True,True,False,False,3978,True
268,1,1,0.6375909512510095,False,correct,False,False,True,False,False,False,False,False,1792,False
279,0,0,0.2785086065947057,False,correct,False,False,True,False,False,False,False,False,5014,False
603,1,1,0.6350180648671352,False,correct,False,False,True,False,False,False,False,False,1133,False
691,1,1,0.8354478393691406,False,correct,False,True,True,False,False,False,False,False,5738,False
747,0,0,0.4460674710690137,False,correct,False,False,True,False,False,False,False,False,4769,False
210,0,0,0.4321020372990916,False,correct,False,False,True,True,True,True,False,False,4529,True
90,1,1,0.534419617340822,False,correct,True,False,True,True,True,True,False,False,3812,True
242,1,1,0.5562197055624669,False,correct,True,False,True,True,True,False,False,False,3378,True
130,0,1,0.7540959743403268,True,FP,True,False,True,True,True,True,False,False,1264,True
845,1,1,0.9722663929197144,False,correct,False,False,True,False,False,False,False,False,10156,False
320,0,0,0.0269029120666673,False,correct,False,False,True,False,False,False,False,False,5019,False
179,1,1,0.9042912633084002,False,correct,False,False,True,True,True,True,False,False,4486,True
693,1,1,0.9628132482835796,False,correct,False,True,True,False,False,False,False,False,5738,False
496,1,0,0.493010632722391,True,FN,False,False,True,False,False,False,False,False,32765,False
237,1,1,0.5016095898452662,False,correct,False,False,True,True,True,False,False,False,2008,True
729,0,0,0.3626600378093338,False,correct,True,False,True,False,False,False,False,False,8235,False
177,0,1,0.532173257422623,True,FP,False,False,True,True,True,True,False,False,4486,True
40,1,1,0.8551933384812136,False,correct,False,False,True,True,True,True,False,False,3987,True
723,1,1,0.7936914394403887,False,correct,False,True,True,False,False,False,False,False,11252,False
613,1,1,0.850203137274288,False,correct,False,False,True,False,False,False,False,False,32765,False
292,1,0,0.2470500913307429,True,FN,False,False,False,False,False,False,False,False,1712,False
753,1,1,0.7235883174202262,False,correct,False,False,False,False,False,False,False,False,1460,False
260,1,1,0.9908999404263208,False,correct,False,False,True,False,False,False,False,False,2966,False
627,1,1,0.5589244734899289,False,correct,False,False,True,False,False,False,False,False,2007,False
834,1,1,0.8525432294619473,False,correct,False,False,True,False,False,False,False,False,8580,False
165,1,1,0.7581266269612332,False,correct,False,False,True,True,True,True,False,False,1942,True
180,1,1,0.9523164593444468,False,correct,False,False,True,True,True,True,False,False,4486,True
664,0,1,0.6707291310448567,True,FP,False,False,True,False,False,False,False,False,9107,False
611,1,0,0.4739603923518774,True,FN,False,False,True,False,False,False,False,False,32765,False
393,1,0,0.353512583864256,True,FN,False,False,True,False,False,False,False,False,7446,False
83,0,0,0.1628228452053125,False,correct,True,False,True,True,True,True,False,False,1219,True
383,0,0,0.1106848458964203,False,correct,False,False,True,False,False,False,False,False,32765,False
313,1,1,0.8317726379278634,False,correct,False,True,True,False,False,False,False,False,2131,False
596,1,1,0.987971908277557,False,correct,False,True,True,False,False,False,False,False,12278,False
838,0,0,0.4573192730457827,False,correct,False,False,True,False,False,False,False,False,8580,False
677,1,1,0.6925765686691784,False,correct,False,False,True,False,False,False,False,False,1332,False
133,1,0,0.2879144723962883,True,FN,True,False,True,True,True,True,False,False,1316,True
774,1,1,0.9687623346358692,False,correct,False,True,True,False,False,False,False,False,7209,False
628,0,1,0.535457884326888,True,FP,False,False,False,False,False,False,False,False,4166,False
517,1,1,0.9472913681101188,False,correct,False,False,True,False,False,False,False,False,2612,False
567,1,1,0.9283368664638746,False,correct,False,False,True,False,False,False,False,False,32765,False
11,1,1,0.7815863037546064,False,correct,True,False,True,True,True,True,False,False,4666,True
754,0,0,0.0354855995727387,False,correct,False,False,True,False,False,False,False,False,3373,False
561,1,1,0.6486137914542609,False,correct,False,False,True,False,False,False,False,False,32765,False
335,1,1,0.8855374657036341,False,correct,False,False,True,False,False,False,False,False,3640,False
688,1,1,0.8505750220400878,False,correct,False,False,True,False,False,False,False,False,32765,False
434,1,0,0.4806341047894324,True,FN,False,False,True,False,False,False,False,False,32765,False
458,0,0,0.1415257456051007,False,correct,False,False,True,False,False,False,False,False,10042,False
15,1,1,0.9851981183622516,False,correct,False,False,True,True,True,True,False,False,3854,True
740,0,0,0.4799949467730448,False,correct,False,False,True,False,False,False,False,False,32765,False
663,1,1,0.5661869825078809,False,correct,False,False,True,False,False,False,False,False,9107,False
776,1,0,0.3885180598387054,True,FN,False,False,True,False,False,False,False,False,7209,False
724,0,0,0.2605575802649251,False,correct,False,False,True,False,False,False,False,False,11252,False
52,1,1,0.91410502087203,False,correct,False,False,True,True,True,True,False,False,3953,True
182,1,1,0.977776409995977,False,correct,False,False,True,True,True,True,False,False,4498,True
540,1,1,0.9099228474241694,False,correct,False,False,True,False,False,False,False,False,32765,False
418,1,0,0.4285023476959851,True,FN,False,False,True,False,False,False,False,False,5963,False
109,0,0,0.3278994132533114,False,correct,False,False,True,True,True,True,False,False,4346,True
530,1,1,0.5261940128852952,False,correct,False,False,True,False,False,False,False,False,2473,False
810,1,1,0.6917813452968806,False,correct,False,False,True,False,False,False,False,False,26986,False
174,1,1,0.6226162444890656,False,correct,False,False,True,True,True,True,False,False,4486,True
514,0,0,0.0655956245629571,False,correct,False,False,True,False,False,False,False,False,3202,False
489,0,0,0.0449178659686926,False,correct,False,False,True,False,False,False,False,False,5376,False
572,1,1,0.9476996502805682,False,correct,False,True,True,False,False,False,False,False,4713,False
66,1,1,0.9402230810009712,False,correct,False,False,True,True,True,True,False,False,3859,True
796,1,1,0.926173805487319,False,correct,False,True,True,False,False,False,False,False,2059,False
490,0,0,0.003683766980751,False,correct,True,False,True,False,False,False,False,False,5376,False
598,0,0,0.4104872848143376,False,correct,False,False,True,False,False,False,False,False,12278,False
650,0,0,0.056530275765241,False,correct,False,False,True,False,False,False,False,False,3665,False
173,1,1,0.7543186210439257,False,correct,False,False,True,True,True,True,False,False,4486,True
164,1,1,0.8428480417606162,False,correct,False,False,True,True,True,True,False,False,1942,True
158,1,1,0.8352996229102172,False,correct,False,False,True,True,True,True,False,False,2049,True
389,0,0,0.2078073460317308,False,correct,False,False,True,False,False,False,False,False,7446,False
264,1,1,0.9676791896588824,False,correct,False,True,True,False,False,False,False,False,2966,False
493,1,1,0.946546822998443,False,correct,False,False,True,False,False,False,False,False,32765,False
644,1,1,0.9655229450540774,False,correct,False,True,True,False,False,False,False,False,5606,False
444,0,0,0.1945383153173498,False,correct,False,False,True,False,False,False,False,False,7207,False
470,1,1,0.7291371776295741,False,correct,False,False,True,False,False,False,False,False,871,False
208,1,1,0.8048183468439786,False,correct,False,False,True,True,True,True,False,False,4529,True
323,1,0,0.3146323984633771,True,FN,False,False,True,False,False,False,False,False,7570,False
261,1,1,0.9902197135007088,False,correct,False,True,True,False,False,False,False,False,2966,False
735,1,1,0.9016462820317632,False,correct,False,False,True,False,False,False,False,False,32765,False
145,0,0,0.3646819593147229,False,correct,False,False,True,True,True,True,False,False,2447,True
507,1,1,0.5540619843963387,False,correct,False,True,True,False,False,False,False,False,2390,False
103,1,1,0.8488817100680615,False,correct,True,False,True,True,True,False,False,False,4097,True
120,0,0,0.4874899277831751,False,correct,False,False,True,True,True,True,False,False,3881,True
642,0,0,0.2196141159849404,False,correct,False,False,True,False,False,False,False,False,5606,False
503,1,1,0.9433425000941452,False,correct,False,False,True,False,False,False,False,False,32765,False
146,1,0,0.3839273490907339,True,FN,False,False,True,True,True,True,False,False,2144,True
154,1,1,0.730814539156425,False,correct,False,False,True,True,True,True,False,False,2090,True
768,1,0,0.4707793273664534,True,FN,False,False,True,False,False,False,False,False,26986,False
74,1,1,0.901574950122346,False,correct,False,False,True,True,True,True,False,False,3961,True
637,1,1,0.8814439693777512,False,correct,False,False,True,False,False,False,False,False,32765,False
431,0,0,0.3694309674721658,False,correct,False,False,True,False,False,False,False,False,32765,False
597,0,0,0.2641144110663236,False,correct,False,False,True,False,False,False,False,False,12278,False
398,0,0,0.0029707525772446,False,correct,True,False,True,False,False,False,False,False,4385,False
492,1,0,0.230506552809593,True,FN,False,False,True,False,False,False,False,False,5917,False
655,1,1,0.7977366044924763,False,correct,False,False,True,False,False,False,False,False,9107,False
684,1,1,0.6201142856739684,False,correct,False,False,True,False,False,False,False,False,32765,False
456,0,0,0.4718525098116011,False,correct,False,False,True,False,False,False,False,False,10042,False
538,0,1,0.6353576580400538,True,FP,False,False,True,False,False,False,False,False,32765,False
280,0,0,0.1002575790585239,False,correct,False,False,True,False,False,False,False,False,5014,False
275,1,1,0.7202190025391986,False,correct,False,False,True,False,False,False,False,False,5014,False
3,1,1,0.729215479673286,False,correct,True,False,True,True,True,False,False,False,3064,True
95,1,1,0.7810780044505191,False,correct,True,False,True,True,True,True,False,False,2098,True
363,1,1,0.9975182788142344,False,correct,False,True,True,False,False,False,False,False,3619,False
563,1,1,0.5398412940428886,False,correct,False,False,True,False,False,False,False,False,32765,False
353,1,1,0.6406058137269637,False,correct,False,False,True,False,False,False,False,False,32765,False
394,0,0,0.2434138178519128,False,correct,False,False,True,False,False,False,False,False,7446,False
118,1,0,0.2422631472141073,True,FN,False,False,True,True,True,True,False,False,3978,True
616,1,1,0.9763036418968624,False,correct,False,False,True,False,False,False,False,False,6332,False
455,0,0,0.30910982843234,False,correct,False,False,True,False,False,False,False,False,10042,False
73,1,1,0.8554977847359846,False,correct,False,False,True,True,True,True,False,False,3961,True
113,0,0,0.488747526337754,False,correct,False,False,True,True,True,True,False,False,4566,True
435,1,1,0.5929426582873375,False,correct,False,False,True,False,False,False,False,False,32765,False
595,1,1,0.7693671789566237,False,correct,False,True,True,False,False,False,False,False,12278,False
59,1,1,0.9911625479207968,False,correct,False,False,True,True,True,True,False,False,3859,True
605,1,1,0.946546822998443,False,correct,False,False,True,False,False,False,False,False,32765,False
54,1,1,0.6809794334769924,False,correct,False,False,True,True,True,True,False,False,3953,True
116,1,0,0.3130985093855625,True,FN,False,False,True,True,True,True,False,False,3978,True
791,0,0,0.0984414822706341,False,correct,False,False,True,False,False,False,False,False,26986,False
505,1,1,0.8852796845825341,False,correct,False,True,True,False,False,False,False,False,2390,False
543,1,1,0.9714493424105743,False,correct,False,False,True,False,False,False,False,False,7485,False
48,1,1,0.9874866528077638,False,correct,False,False,True,True,True,True,False,False,3953,True
686,0,0,0.2699351265670266,False,correct,False,False,True,False,False,False,False,False,32765,False
75,1,1,0.8001802238004657,False,correct,False,False,True,True,True,True,False,False,3961,True
369,1,0,0.4115851952986261,True,FN,False,False,True,False,False,False,False,False,3619,False
336,1,1,0.8804495979772828,False,correct,False,True,True,False,False,False,False,False,3640,False
516,0,0,0.4894077866023809,False,correct,False,False,False,False,False,False,False,False,768,False
360,1,1,0.5463556350890086,False,correct,False,False,True,False,False,False,False,False,32765,False
446,0,0,0.0234810416618126,False,correct,False,False,True,False,False,False,False,False,4391,False
731,1,1,0.6891603514633827,False,correct,False,False,True,False,False,False,False,False,1412,False
160,1,1,0.7157494588726198,False,correct,False,False,True,True,True,True,False,False,2049,True
720,1,1,0.8851600056079639,False,correct,False,True,True,False,False,False,False,False,11252,False
410,1,1,0.5408198463154078,False,correct,False,False,True,False,False,False,False,False,32765,False
163,1,1,0.728647481194655,False,correct,False,False,True,True,True,True,False,False,1993,True
250,1,1,0.9016462820317632,False,correct,False,False,True,False,False,False,False,False,32765,False
634,1,1,0.7808984474393051,False,correct,False,False,True,False,False,False,False,False,32765,False
347,0,0,0.0227591898048551,False,correct,False,False,True,False,False,False,False,False,1975,False
36,1,1,0.9815991490780028,False,correct,False,False,True,True,True,True,False,False,3987,True
439,0,0,0.0991542435931714,False,correct,False,False,True,False,False,False,False,False,7207,False
518,1,1,0.9424680994425936,False,correct,False,True,True,False,False,False,False,False,2612,False
380,0,0,0.211431662613261,False,correct,False,False,True,False,False,False,False,False,32765,False
127,1,0,0.1363270434875647,True,FN,True,False,True,True,True,True,True,False,4057,True
200,1,1,0.8876918807420969,False,correct,False,False,True,True,True,True,False,False,4634,True
589,1,1,0.8277295699192706,False,correct,False,False,True,False,False,False,False,False,32765,False
704,0,0,0.0030991669103829,False,correct,True,False,True,False,False,False,False,False,6290,False
465,0,1,0.9780055399054683,True,FP,False,True,True,False,False,False,False,False,9717,False
669,1,1,0.8323918059703357,False,correct,False,True,True,False,False,False,False,False,12676,False
453,1,1,0.7495098834954401,False,correct,False,False,True,False,False,False,False,False,10042,False
620,1,1,0.9575930855944258,False,correct,False,True,True,False,False,False,False,False,6332,False
94,1,1,0.7983869904236042,False,correct,True,False,True,True,True,True,False,False,2272,True
205,1,1,0.9324781884117884,False,correct,False,False,True,True,True,True,False,False,4529,True
330,0,0,0.1299331278267717,False,correct,False,False,True,False,False,False,False,False,32765,False
535,0,0,0.493010632722391,False,correct,False,False,True,False,False,False,False,False,32765,False
4,0,0,0.4692599057144616,False,correct,False,False,True,True,True,True,False,False,3983,True
211,1,1,0.9030159852472074,False,correct,False,False,True,True,True,True,False,False,4529,True
86,0,0,0.4027578454703658,False,correct,True,False,True,True,True,True,False,False,3590,True
601,1,0,0.0294745337470782,True,FN,False,False,True,False,False,False,False,False,3174,False
787,0,0,0.126251657336458,False,correct,False,False,True,False,False,False,False,False,26986,False
148,0,0,0.3747798315426721,False,correct,False,False,True,True,True,True,False,False,2144,True
339,1,1,0.8915564478763985,False,correct,False,True,True,False,False,False,False,False,3640,False
856,1,1,0.7048328256253181,False,correct,False,False,True,True,True,True,False,False,1765,True
386,1,1,0.6606196419665301,False,correct,False,False,True,False,False,False,False,False,32765,False
819,1,1,0.5653351166145726,False,correct,False,False,True,False,False,False,False,False,26986,False
782,1,1,0.6264040375822763,False,correct,False,False,True,False,False,False,False,False,1322,False
825,1,0,0.1429734599074459,True,FN,False,False,False,False,False,False,False,False,597,False
194,1,1,0.9314529844345734,False,correct,False,False,True,True,True,True,False,False,4634,True
69,1,1,0.9816072342918248,False,correct,False,False,True,True,True,True,False,False,3961,True
415,1,1,0.9712309744879684,False,correct,False,True,True,False,False,False,False,False,5963,False
478,1,1,0.9017343771580236,False,correct,False,False,True,False,False,False,False,False,32765,False
134,1,0,0.3713203051472212,True,FN,False,False,True,True,True,True,False,False,2394,True
462,1,1,0.8814906369363925,False,correct,False,False,True,False,False,False,False,False,9717,False
575,0,0,0.3278096963908392,False,correct,False,False,True,False,False,False,False,False,4713,False
438,1,1,0.9301562351267078,False,correct,False,True,True,False,False,False,False,False,7207,False
519,0,0,0.1650789582794503,False,correct,False,False,True,False,False,False,False,False,2612,False
140,1,1,0.5901228773118578,False,correct,False,False,True,True,True,True,False,False,2512,True
72,1,1,0.8256125852918198,False,correct,False,False,True,True,True,True,False,False,3961,True
651,1,0,0.0261999429454091,True,FN,False,False,True,False,False,False,False,False,3665,False
459,1,1,0.6103955697069608,False,correct,False,False,True,False,False,False,False,False,10042,False
851,1,0,0.4441496953305894,True,FN,False,False,True,False,False,False,False,False,10156,False
432,0,0,0.1475117054008357,False,correct,False,False,True,False,False,False,False,False,32765,False
262,0,0,0.3059560651627692,False,correct,False,False,True,False,False,False,False,False,2966,False
814,0,0,0.2807347414927774,False,correct,False,False,True,False,False,False,False,False,26986,False
499,1,0,0.4739603923518774,True,FN,False,False,True,False,False,False,False,False,32765,False
332,0,1,0.6459553662091021,True,FP,False,False,True,False,False,False,False,False,32765,False
541,1,1,0.8978981957355838,False,correct,False,False,True,False,False,False,False,False,32765,False
521,1,1,0.9510523816743752,False,correct,False,True,True,False,False,False,False,False,2612,False
417,0,0,0.1823018163326935,False,correct,False,False,True,False,False,False,False,False,5963,False
497,1,1,0.5418890432457094,False,correct,False,False,True,False,False,False,False,False,32765,False
202,1,1,0.9408580259418262,False,correct,False,False,True,True,True,True,False,False,4634,True
283,0,0,0.4448683480217802,False,correct,False,False,True,False,False,False,False,False,5014,False
813,0,0,0.1817411150844907,False,correct,False,False,True,False,False,False,False,False,26986,False
545,1,0,0.225498388499572,True,FN,False,False,True,False,False,False,False,False,7485,False
301,0,1,0.6406058137269637,True,FP,False,False,True,False,False,False,False,False,32765,False
828,0,1,0.7365018794096976,True,FP,False,False,True,False,False,False,False,False,2782,False
592,1,1,0.7837078860173651,False,correct,False,False,True,False,False,False,False,False,12278,False
85,0,0,0.1651192435190706,False,correct,True,False,True,True,True,True,False,False,1178,True
293,1,1,0.7234949764910149,False,correct,False,False,True,False,False,False,False,False,15553,False
362,1,1,0.9976920676792402,False,correct,False,False,True,False,False,False,False,False,3619,False
166,1,1,0.729374259315267,False,correct,False,False,True,True,True,True,False,False,1942,True
271,1,1,0.7639428872278361,False,correct,False,False,True,False,False,False,False,False,11283,False
0,0,1,0.7328219372080269,True,FP,False,False,True,True,True,False,False,False,2520,True
391,1,1,0.9674857983799204,False,correct,False,True,True,False,False,False,False,False,7446,False
10,0,0,0.3758395105896215,False,correct,False,False,True,True,True,True,False,False,4666,True
587,1,1,0.6353576580400538,False,correct,False,False,True,False,False,False,False,False,32765,False
594,0,0,0.1675276685764593,False,correct,False,False,True,False,False,False,False,False,12278,False
621,1,0,0.3014682355575095,True,FN,False,False,True,False,False,False,False,False,6332,False
144,1,0,0.3360548271060382,True,FN,False,False,True,True,True,True,False,False,2447,True
189,1,1,0.8881620090719893,False,correct,False,False,True,True,True,True,False,False,4498,True
501,1,1,0.9062675087347888,False,correct,False,False,True,False,False,False,False,False,32765,False
817,0,0,0.4944470558875323,False,correct,False,False,True,False,False,False,False,False,26986,False
317,0,0,0.1712105767233064,False,correct,False,False,True,False,False,False,False,False,2131,False
312,0,0,0.1281126348283575,False,correct,False,False,True,False,False,False,False,False,2131,False
259,1,1,0.8961003493700116,False,correct,False,False,True,False,False,False,False,False,32765,False
436,1,1,0.653624917755483,False,correct,False,False,True,False,False,False,False,False,32765,False
80,0,0,0.074626939071101,False,correct,True,False,True,True,True,True,False,False,1234,True
758,0,0,0.3482383322252559,False,correct,False,False,True,False,False,False,False,False,5677,False
387,1,1,0.9391823256657172,False,correct,False,False,True,False,False,False,False,False,7446,False
697,0,0,0.2186707051028864,False,correct,False,False,True,False,False,False,False,False,5738,False
619,0,1,0.9942663781644616,True,FP,False,True,True,False,False,False,False,False,6332,False
25,1,1,0.989350192705675,False,correct,False,False,True,True,True,True,False,False,3983,True
220,1,1,0.5807040152137144,False,correct,False,False,True,True,True,True,False,False,4502,True
608,0,1,0.6058464438703324,True,FP,False,False,True,False,False,False,False,False,32765,False
809,1,1,0.6940081180593847,False,correct,False,False,True,False,False,False,False,False,26986,False
390,1,1,0.8829917804433517,False,correct,False,True,True,False,False,False,False,False,7446,False
273,1,0,0.3094927756080794,True,FN,False,False,True,False,False,False,False,False,3925,False
441,1,1,0.9763346007308322,False,correct,False,True,True,False,False,False,False,False,7207,False
512,1,1,0.7622071071197294,False,correct,False,False,True,False,False,False,False,False,13157,False
536,1,1,0.6619088914608726,False,correct,False,False,True,False,False,False,False,False,32765,False
667,1,1,0.8927548108113402,False,correct,False,True,True,False,False,False,False,False,12676,False
41,1,1,0.9139306908461444,False,correct,False,False,True,True,True,True,False,False,3987,True
79,1,1,0.9788463944187662,False,correct,False,False,True,True,True,True,False,False,3961,True
742,1,1,0.8986786573243787,False,correct,False,False,True,False,False,False,False,False,32765,False
37,1,1,0.9914346333553832,False,correct,False,False,True,True,True,True,False,False,3987,True
846,1,1,0.994734611037012,False,correct,False,True,True,False,False,False,False,False,10156,False
618,1,0,0.4026002602046701,True,FN,False,False,True,False,False,False,False,False,6332,False
197,1,1,0.8640549545979994,False,correct,False,False,True,True,True,True,False,False,4634,True
71,1,1,0.976715616900658,False,correct,False,False,True,True,True,True,False,False,3961,True
424,1,1,0.5209536898360659,False,correct,False,False,True,False,False,False,False,False,1408,False
178,1,1,0.8878447767991102,False,correct,False,False,True,True,True,True,False,False,4486,True
649,1,1,0.6119570141917067,False,correct,False,False,True,False,False,False,False,False,6133,False
6,1,1,0.7972559150006073,False,correct,True,False,True,True,True,True,False,False,3797,True
537,1,1,0.7341761534039967,False,correct,False,False,True,False,False,False,False,False,32765,False
375,1,0,0.3924079804692193,True,FN,False,False,True,False,False,False,False,False,4371,False
549,1,1,0.6243285228610196,False,correct,False,False,True,False,False,False,False,False,7485,False
167,1,1,0.8462860649032274,False,correct,False,False,True,True,True,True,False,False,1809,True
671,0,0,0.3812090412974871,False,correct,False,False,True,False,False,False,False,False,12676,False
196,1,1,0.6222556105818347,False,correct,False,False,True,True,True,True,False,False,4634,True
55,1,1,0.9640483695172692,False,correct,False,False,True,True,True,True,False,False,3953,True
781,0,0,0.0029699684803018,False,correct,True,False,True,False,False,False,False,False,5999,False
139,0,0,0.3470651958345007,False,correct,False,False,True,True,True,True,False,False,2535,True
474,0,1,0.5713888784473298,True,FP,False,False,True,False,False,False,False,False,1794,False
475,0,0,0.378698764327118,False,correct,False,False,False,False,False,False,False,False,3138,False
155,0,1,0.917216010013306,True,FP,False,False,True,True,True,True,False,False,2058,True
303,0,0,0.211431662613261,False,correct,False,False,True,False,False,False,False,False,32765,False
289,1,1,0.9679829200076304,False,correct,False,True,False,False,False,False,False,False,1712,False
502,1,1,0.8667529695808587,False,correct,False,False,True,False,False,False,False,False,32765,False
384,0,1,0.5697325129608701,True,FP,False,False,True,False,False,False,False,False,32765,False
772,0,0,0.2403489209610616,False,correct,False,False,True,False,False,False,False,False,7209,False
585,1,1,0.5418890432457094,False,correct,False,False,True,False,False,False,False,False,32765,False
712,0,1,0.6184292994368574,True,FP,False,False,True,False,False,False,False,False,32765,False
843,1,1,0.6200937785501865,False,correct,False,False,True,False,False,False,False,False,8580,False
661,0,0,0.2277728679069554,False,correct,False,False,True,False,False,False,False,False,9107,False
374,1,1,0.7986354014465373,False,correct,False,False,True,False,False,False,False,False,1819,False
442,0,0,0.165488365255973,False,correct,False,False,True,False,False,False,False,False,7207,False
612,0,0,0.4761094562928965,False,correct,False,False,True,False,False,False,False,False,32765,False
147,1,1,0.5112339057537687,False,correct,False,False,True,True,True,True,False,False,2144,True
837,0,0,0.3703932271765504,False,correct,False,False,True,False,False,False,False,False,8580,False
764,0,0,0.3042106912755067,False,correct,False,False,True,False,False,False,False,False,26986,False
681,1,1,0.7872380097969564,False,correct,False,False,True,False,False,False,False,False,32765,False
288,1,1,0.9917201652955856,False,correct,False,True,False,False,False,False,False,False,1712,False
404,0,0,0.149558299206384,False,correct,False,False,True,False,False,False,False,False,32765,False
788,0,0,0.1905318764826362,False,correct,False,False,True,False,False,False,False,False,26986,False
13,1,0,0.1322517429905976,True,FN,False,False,True,True,True,True,False,True,2815,True
27,1,1,0.9676182049937634,False,correct,False,False,True,True,True,True,False,False,3983,True
520,1,1,0.8845195441086403,False,correct,False,True,True,False,False,False,False,False,2612,False
640,1,1,0.9923977380892924,False,correct,False,False,True,False,False,False,False,False,5606,False
29,1,1,0.8509736251338236,False,correct,False,False,True,True,True,True,False,False,3983,True
319,0,0,0.0358820182263082,False,correct,False,False,True,False,False,False,False,False,5019,False
151,0,0,0.4117983249423573,False,correct,False,False,True,True,True,True,False,False,2363,True
272,1,1,0.6229773722674152,False,correct,False,False,True,False,False,False,False,False,1143,False
64,1,1,0.7468011521004613,False,correct,False,False,True,True,True,True,False,False,3859,True
770,1,1,0.964099151087034,False,correct,False,False,True,False,False,False,False,False,7209,False
638,1,1,0.8978981957355838,False,correct,False,False,True,False,False,False,False,False,32765,False
725,1,0,0.4965063817652048,True,FN,False,False,True,False,False,False,False,False,11252,False
775,0,0,0.3721433415151801,False,correct,False,False,True,False,False,False,False,False,7209,False
