id,case_type,driver_group,label,proba_c2,pred_c2,proba_g,pred_g,title_short
747,gain,condition,0,0.5125328378145868,1,0.4460674710690137,0,### БК тонкой кишки (кроме терминального илеита)
852,gain,condition,0,0.510704542639002,1,0.4594754258832847,0,### Хирургическое лечение БК с поражением верхних отделов ЖКТ
531,gain,condition,0,0.5004430429227699,1,0.4616602394163666,0,"## Особенности лечения ГБН, сочетающейся с лекарственно-индуцированной головной болью (ЛИГБ)"
12,gain,gender contradiction,0,0.6594709098655785,1,0.48766820957164,0,## Применение гормональных контрацептивов при ДДМЖ
750,loss,condition,1,0.5054669738557368,1,0.452832048445854,0,### Лечение БК с перианальными проявлениями (перианальная БК)
266,loss,condition,1,0.5287524221850446,1,0.4618857101135333,0,### Хирургическое лечение БК в форме терминального илеита или илеоколита
104,loss,condition,1,0.5052222540829397,1,0.4852234408228511,0,### Медикаментозная терапия при эрозивном гастрите и дуодените
767,loss,condition,1,0.5234691557485066,1,0.4944470558875323,0,"### Терапия, не рекомендованная (не доказан положительный эффект) пациентам с симптомной сердечной н"
725,loss,condition,1,0.5528550033578344,1,0.4965063817652048,0,### Хирургическое лечение БК в форме терминального илеита или илеоколита
