probe_name,stage,id,checkpoint_label,probe_label
probe_stage1_only.csv,2,576,0,1
probe_stage1_only.csv,2,372,0,1
probe_stage1_only.csv,2,188,0,1
probe_stage1_only.csv,2,328,0,1
probe_stage1_only.csv,2,506,0,1
probe_stage1_only.csv,2,135,0,1
probe_stage1_only.csv,2,392,0,1
probe_stage1_only.csv,2,358,0,1
probe_stage1_only.csv,2,406,0,1
probe_stage1_only.csv,2,570,0,1
probe_stage1_only.csv,2,806,0,1
probe_stage1_only.csv,2,645,0,1
probe_stage1_only.csv,2,348,0,1
probe_stage1_only.csv,2,105,0,1
probe_stage1_only.csv,2,732,0,1
probe_stage1_only.csv,2,815,0,1
probe_stage1_only.csv,2,483,0,1
probe_stage1_only.csv,2,429,0,1
probe_stage1_only.csv,2,381,0,1
probe_stage1_only.csv,2,515,0,1
probe_stage1_only.csv,2,371,0,1
probe_stage1_only.csv,2,822,0,1
probe_stage1_only.csv,2,668,0,1
probe_stage1_only.csv,2,715,0,1
probe_stage1_only.csv,2,142,0,1
probe_stage1_only.csv,2,106,0,1
probe_stage1_only.csv,2,232,0,1
probe_stage1_only.csv,2,853,0,1
probe_stage1_only.csv,2,247,0,1
probe_stage1_only.csv,2,662,0,1
probe_stage1_only.csv,2,524,0,1
probe_stage1_only.csv,2,315,0,1
probe_stage1_only.csv,2,400,0,1
probe_stage1_only.csv,2,513,0,1
probe_stage1_only.csv,2,827,0,1
probe_stage1_only.csv,2,741,0,1
probe_stage1_only.csv,2,422,0,1
probe_stage1_only.csv,2,737,0,1
probe_stage1_only.csv,2,801,0,1
probe_stage1_only.csv,2,327,0,1
probe_stage1_only.csv,2,241,0,1
probe_stage1_only.csv,2,141,0,1
probe_stage1_only.csv,2,488,0,1
probe_stage1_only.csv,2,468,0,1
probe_stage1_only.csv,2,579,0,1
probe_stage1_only.csv,2,331,0,1
probe_stage1_only.csv,2,738,0,1
probe_stage1_only.csv,2,221,0,1
probe_stage1_only.csv,2,340,0,1
probe_stage1_only.csv,2,138,0,1
probe_stage1_only.csv,2,238,0,1
probe_stage1_only.csv,2,805,0,1
probe_stage1_only.csv,2,252,0,1
probe_stage1_only.csv,2,121,0,1
probe_stage1_only.csv,2,600,0,1
probe_stage1_only.csv,2,430,0,1
probe_stage1_only.csv,2,457,0,1
probe_stage1_only.csv,2,626,0,1
probe_stage1_only.csv,2,450,0,1
probe_stage1_only.csv,2,5,0,1
probe_stage1_only.csv,2,721,0,1
probe_stage1_only.csv,2,84,0,1
probe_stage1_only.csv,2,804,0,1
probe_stage1_only.csv,2,522,0,1
probe_stage1_only.csv,2,423,0,1
probe_stage1_only.csv,2,128,0,1
probe_stage1_only.csv,2,464,0,1
probe_stage1_only.csv,2,290,0,1
probe_stage1_only.csv,2,357,0,1
probe_stage1_only.csv,2,698,0,1
probe_stage1_only.csv,2,2,0,1
probe_stage1_only.csv,2,573,0,1
probe_stage1_only.csv,2,294,0,1
probe_stage1_only.csv,2,779,0,1
probe_stage1_only.csv,2,765,0,1
probe_stage1_only.csv,2,831,0,1
probe_stage1_only.csv,2,523,0,1
probe_stage1_only.csv,2,255,0,1
probe_stage1_only.csv,2,653,0,1
probe_stage2_only.csv,1,804,1,0
probe_stage2_only.csv,1,1291,1,0
probe_stage2_only.csv,1,1035,1,0
probe_stage2_only.csv,1,2058,1,0
probe_stage2_only.csv,1,364,1,0
probe_stage2_only.csv,1,1700,1,0
probe_stage2_only.csv,1,572,1,0
probe_stage2_only.csv,1,387,1,0
probe_stage2_only.csv,1,2010,1,0
probe_stage2_only.csv,1,2041,1,0
probe_stage2_only.csv,1,154,1,0
probe_stage2_only.csv,1,756,1,0
probe_stage2_only.csv,1,55,1,0
probe_stage2_only.csv,1,712,1,0
probe_stage2_only.csv,1,205,1,0
probe_stage2_only.csv,1,1078,1,0
probe_stage2_only.csv,1,1115,1,0
probe_stage2_only.csv,1,1482,1,0
probe_stage2_only.csv,1,1672,1,0
probe_stage2_only.csv,1,1199,1,0
probe_stage2_only.csv,1,1495,1,0
probe_stage2_only.csv,1,956,1,0
probe_stage2_only.csv,1,1141,1,0
probe_stage2_only.csv,1,670,1,0
probe_stage2_only.csv,1,1874,1,0
probe_stage2_only.csv,1,1422,1,0
probe_trivial.csv,1,804,1,0
probe_trivial.csv,1,1291,1,0
probe_trivial.csv,1,1035,1,0
probe_trivial.csv,1,2058,1,0
probe_trivial.csv,1,364,1,0
probe_trivial.csv,1,1700,1,0
probe_trivial.csv,1,572,1,0
probe_trivial.csv,1,387,1,0
probe_trivial.csv,1,2010,1,0
probe_trivial.csv,1,2041,1,0
probe_trivial.csv,1,154,1,0
probe_trivial.csv,1,756,1,0
probe_trivial.csv,1,55,1,0
probe_trivial.csv,1,712,1,0
probe_trivial.csv,1,205,1,0
probe_trivial.csv,1,1078,1,0
probe_trivial.csv,1,1115,1,0
probe_trivial.csv,1,1482,1,0
probe_trivial.csv,1,1672,1,0
probe_trivial.csv,1,1199,1,0
probe_trivial.csv,1,1495,1,0
probe_trivial.csv,1,956,1,0
probe_trivial.csv,1,1141,1,0
probe_trivial.csv,1,670,1,0
probe_trivial.csv,1,1874,1,0
probe_trivial.csv,1,1422,1,0
probe_trivial.csv,2,576,0,1
probe_trivial.csv,2,372,0,1
probe_trivial.csv,2,188,0,1
probe_trivial.csv,2,328,0,1
probe_trivial.csv,2,506,0,1
probe_trivial.csv,2,135,0,1
probe_trivial.csv,2,392,0,1
probe_trivial.csv,2,358,0,1
probe_trivial.csv,2,406,0,1
probe_trivial.csv,2,570,0,1
probe_trivial.csv,2,806,0,1
probe_trivial.csv,2,645,0,1
probe_trivial.csv,2,348,0,1
probe_trivial.csv,2,105,0,1
probe_trivial.csv,2,732,0,1
probe_trivial.csv,2,815,0,1
probe_trivial.csv,2,483,0,1
probe_trivial.csv,2,429,0,1
probe_trivial.csv,2,381,0,1
probe_trivial.csv,2,515,0,1
probe_trivial.csv,2,371,0,1
probe_trivial.csv,2,822,0,1
probe_trivial.csv,2,668,0,1
probe_trivial.csv,2,715,0,1
probe_trivial.csv,2,142,0,1
probe_trivial.csv,2,106,0,1
probe_trivial.csv,2,232,0,1
probe_trivial.csv,2,853,0,1
probe_trivial.csv,2,247,0,1
probe_trivial.csv,2,662,0,1
probe_trivial.csv,2,524,0,1
probe_trivial.csv,2,315,0,1
probe_trivial.csv,2,400,0,1
probe_trivial.csv,2,513,0,1
probe_trivial.csv,2,827,0,1
probe_trivial.csv,2,741,0,1
probe_trivial.csv,2,422,0,1
probe_trivial.csv,2,737,0,1
probe_trivial.csv,2,801,0,1
probe_trivial.csv,2,327,0,1
probe_trivial.csv,2,241,0,1
probe_trivial.csv,2,141,0,1
probe_trivial.csv,2,488,0,1
probe_trivial.csv,2,468,0,1
probe_trivial.csv,2,579,0,1
probe_trivial.csv,2,331,0,1
probe_trivial.csv,2,738,0,1
probe_trivial.csv,2,221,0,1
probe_trivial.csv,2,340,0,1
probe_trivial.csv,2,138,0,1
probe_trivial.csv,2,238,0,1
probe_trivial.csv,2,805,0,1
probe_trivial.csv,2,252,0,1
probe_trivial.csv,2,121,0,1
probe_trivial.csv,2,600,0,1
probe_trivial.csv,2,430,0,1
probe_trivial.csv,2,457,0,1
probe_trivial.csv,2,626,0,1
probe_trivial.csv,2,450,0,1
probe_trivial.csv,2,5,0,1
probe_trivial.csv,2,721,0,1
probe_trivial.csv,2,84,0,1
probe_trivial.csv,2,804,0,1
probe_trivial.csv,2,522,0,1
probe_trivial.csv,2,423,0,1
probe_trivial.csv,2,128,0,1
probe_trivial.csv,2,464,0,1
probe_trivial.csv,2,290,0,1
probe_trivial.csv,2,357,0,1
probe_trivial.csv,2,698,0,1
probe_trivial.csv,2,2,0,1
probe_trivial.csv,2,573,0,1
probe_trivial.csv,2,294,0,1
probe_trivial.csv,2,779,0,1
probe_trivial.csv,2,765,0,1
probe_trivial.csv,2,831,0,1
probe_trivial.csv,2,523,0,1
probe_trivial.csv,2,255,0,1
probe_trivial.csv,2,653,0,1
probe_llm_stage1.csv,1,716,0,1
probe_llm_stage1.csv,1,2104,0,1
probe_llm_stage1.csv,1,1607,0,1
probe_llm_stage1.csv,1,1487,0,1
probe_llm_stage1.csv,1,1099,0,1
probe_llm_stage1.csv,1,1829,0,1
probe_llm_stage1.csv,1,2166,0,1
probe_llm_stage1.csv,1,1425,0,1
probe_llm_stage1.csv,1,899,0,1
probe_llm_stage1.csv,1,295,0,1
probe_llm_stage1.csv,1,590,0,1
probe_llm_stage1.csv,1,972,0,1
probe_llm_stage1.csv,1,1121,0,1
probe_llm_stage1.csv,1,2147,0,1
probe_llm_stage1.csv,1,601,0,1
probe_llm_stage1.csv,1,1359,0,1
probe_llm_stage1.csv,1,238,0,1
probe_llm_stage1.csv,1,1710,0,1
probe_llm_stage1.csv,1,76,0,1
probe_llm_stage1.csv,1,445,0,1
probe_llm_stage1.csv,1,2040,0,1
probe_llm_stage1.csv,1,1249,0,1
probe_llm_stage1.csv,1,497,0,1
probe_llm_stage1.csv,1,1749,0,1
probe_llm_stage1.csv,1,635,0,1
probe_llm_stage1.csv,1,456,0,1
probe_llm_stage1.csv,1,1958,0,1
probe_llm_stage1.csv,1,1409,0,1
probe_llm_stage1.csv,1,1092,0,1
probe_llm_stage1.csv,1,189,0,1
probe_llm_stage1.csv,1,2027,0,1
probe_llm_stage1.csv,1,1280,0,1
probe_llm_stage1.csv,1,1945,0,1
probe_llm_stage1.csv,1,1918,0,1
probe_llm_stage1.csv,1,983,0,1
probe_llm_stage1.csv,1,2150,0,1
probe_llm_stage1.csv,1,805,0,1
probe_llm_stage1.csv,1,407,0,1
probe_llm_stage1.csv,1,1786,0,1
probe_llm_stage1.csv,1,1417,0,1
probe_llm_stage1.csv,1,875,0,1
probe_llm_stage1.csv,1,2201,0,1
probe_llm_stage1.csv,1,688,0,1
probe_llm_stage1.csv,1,223,0,1
probe_llm_stage1.csv,1,1334,0,1
probe_llm_stage1.csv,1,1330,0,1
probe_llm_stage1.csv,1,265,0,1
probe_llm_stage1.csv,1,1928,0,1
probe_llm_stage1.csv,1,1279,0,1
probe_llm_stage1.csv,1,2034,0,1
probe_llm_stage1.csv,1,2117,0,1
probe_llm_stage1.csv,1,886,0,1
probe_llm_stage1.csv,1,1886,0,1
probe_llm_stage1.csv,1,1011,0,1
probe_llm_stage1.csv,1,1527,0,1
probe_llm_stage1.csv,1,1768,0,1
probe_llm_stage1.csv,1,682,0,1
probe_llm_stage1.csv,1,1008,0,1
probe_llm_stage1.csv,1,731,0,1
probe_llm_stage1.csv,1,315,0,1
probe_llm_stage1.csv,1,45,0,1
probe_llm_stage1.csv,1,1173,0,1
probe_llm_stage1.csv,1,2142,0,1
probe_llm_stage1.csv,1,207,0,1
probe_llm_stage1.csv,1,812,0,1
probe_llm_stage1.csv,1,1353,0,1
probe_llm_stage1.csv,1,938,0,1
probe_llm_stage1.csv,1,855,0,1
probe_llm_stage1.csv,1,1677,0,1
probe_llm_stage1.csv,1,2186,0,1
probe_llm_stage1.csv,1,1963,0,1
probe_llm_stage1.csv,1,978,0,1
probe_llm_stage1.csv,1,1106,0,1
probe_llm_stage1.csv,1,1041,0,1
probe_llm_stage1.csv,1,1585,0,1
probe_llm_stage1.csv,1,1802,0,1
probe_llm_stage1.csv,1,278,0,1
probe_llm_stage1.csv,1,31,0,1
probe_llm_stage1.csv,1,330,0,1
probe_llm_stage1.csv,1,1443,0,1
probe_llm_stage1.csv,1,1589,0,1
probe_llm_stage1.csv,1,613,0,1
probe_llm_stage1.csv,1,1311,0,1
probe_llm_stage1.csv,1,1337,0,1
probe_llm_stage1.csv,1,199,0,1
probe_llm_stage1.csv,1,1161,0,1
probe_llm_stage1.csv,1,151,0,1
probe_llm_stage1.csv,1,296,0,1
probe_llm_stage1.csv,1,1994,0,1
probe_llm_stage1.csv,1,2156,0,1
probe_llm_stage1.csv,1,1906,0,1
probe_llm_stage1.csv,1,1864,0,1
probe_llm_stage1.csv,1,1892,0,1
probe_llm_stage1.csv,1,280,0,1
probe_llm_stage1.csv,1,256,0,1
probe_llm_stage1.csv,1,1352,0,1
probe_llm_stage1.csv,1,1953,0,1
probe_llm_stage1.csv,1,9,0,1
probe_llm_stage1.csv,1,290,0,1
probe_llm_stage1.csv,1,876,0,1
probe_llm_stage1.csv,1,547,0,1
probe_llm_stage1.csv,1,2075,0,1
probe_llm_stage1.csv,1,1937,0,1
probe_llm_stage1.csv,1,1803,0,1
probe_llm_stage1.csv,1,46,0,1
probe_llm_stage1.csv,1,1363,0,1
probe_llm_stage1.csv,1,1069,0,1
probe_llm_stage1.csv,1,1603,0,1
probe_llm_stage1.csv,1,1,0,1
probe_llm_stage1.csv,1,1116,0,1
probe_llm_stage1.csv,1,1955,0,1
probe_llm_stage1.csv,1,1331,0,1
probe_llm_stage1.csv,1,1943,0,1
probe_llm_stage1.csv,1,2018,0,1
probe_llm_stage1.csv,1,362,0,1
probe_llm_stage1.csv,1,1572,0,1
probe_llm_stage1.csv,1,1502,0,1
probe_llm_stage1.csv,1,887,0,1
probe_llm_stage1.csv,1,942,0,1
probe_llm_stage1.csv,1,2093,0,1
probe_llm_stage1.csv,1,242,0,1
probe_llm_stage1.csv,1,378,0,1
probe_llm_stage1.csv,1,502,0,1
probe_llm_stage1.csv,1,1375,0,1
probe_llm_stage1.csv,1,2078,0,1
probe_llm_stage1.csv,1,940,0,1
probe_llm_stage1.csv,1,658,0,1
probe_llm_stage1.csv,1,1464,0,1
probe_llm_stage1.csv,1,2004,0,1
probe_llm_stage1.csv,1,389,0,1
probe_llm_stage1.csv,1,79,0,1
probe_llm_stage1.csv,1,1785,0,1
probe_llm_stage1.csv,1,117,0,1
probe_llm_stage1.csv,1,831,0,1
probe_llm_stage1.csv,1,331,0,1
probe_llm_stage1.csv,1,1312,0,1
probe_llm_stage1.csv,1,1862,0,1
probe_llm_stage1.csv,1,415,0,1
probe_llm_stage1.csv,1,618,0,1
probe_llm_stage1.csv,1,1477,0,1
probe_llm_stage1.csv,1,2005,0,1
probe_llm_stage1.csv,1,1767,0,1
probe_llm_stage1.csv,1,741,0,1
probe_llm_stage1.csv,1,517,0,1
probe_llm_stage1.csv,1,1552,0,1
probe_llm_stage1.csv,1,789,0,1
probe_llm_stage1.csv,1,2081,0,1
probe_llm_stage1.csv,1,1991,0,1
probe_llm_stage1.csv,1,1197,0,1
probe_llm_stage1.csv,1,1789,0,1
probe_llm_stage1.csv,1,1073,0,1
probe_llm_stage1.csv,1,785,0,1
probe_llm_stage1.csv,1,395,0,1
probe_llm_stage1.csv,1,1832,0,1
probe_llm_stage1.csv,1,769,0,1
probe_llm_stage1.csv,1,2138,0,1
probe_llm_stage1.csv,1,1103,0,1
probe_llm_stage1.csv,1,891,0,1
probe_llm_stage1.csv,1,1840,0,1
probe_llm_stage1.csv,1,1888,0,1
probe_llm_stage1.csv,1,806,0,1
probe_llm_stage1.csv,1,2160,0,1
probe_llm_stage1.csv,1,1605,0,1
probe_llm_stage1.csv,1,2073,0,1
probe_llm_stage1.csv,1,1232,0,1
probe_llm_stage1.csv,1,1549,0,1
probe_llm_stage1.csv,1,1517,0,1
probe_llm_stage1.csv,1,1289,0,1
probe_llm_stage1.csv,1,587,0,1
probe_llm_stage1.csv,1,2086,0,1
probe_llm_stage1.csv,1,486,0,1
probe_llm_stage1.csv,1,960,0,1
probe_llm_stage1.csv,1,495,0,1
probe_llm_stage1.csv,1,1188,0,1
probe_llm_stage1.csv,1,1583,0,1
probe_llm_stage1.csv,1,1887,0,1
probe_llm_stage1.csv,1,1275,0,1
probe_llm_stage1.csv,1,1775,0,1
probe_llm_stage1.csv,1,2132,0,1
probe_llm_stage1.csv,1,1269,0,1
probe_llm_stage1.csv,1,121,0,1
probe_llm_stage1.csv,1,1650,0,1
probe_llm_stage1.csv,1,322,0,1
probe_llm_stage1.csv,1,1854,0,1
probe_llm_stage1.csv,1,1178,0,1
probe_llm_stage1.csv,1,403,0,1
probe_llm_stage1.csv,1,49,0,1
probe_llm_stage1.csv,1,2198,0,1
probe_llm_stage1.csv,1,593,0,1
probe_llm_stage1.csv,1,1742,0,1
probe_llm_stage1.csv,1,1614,0,1
probe_llm_stage1.csv,1,466,0,1
probe_llm_stage1.csv,1,1946,0,1
probe_llm_stage1.csv,1,1196,0,1
probe_llm_stage1.csv,1,645,0,1
probe_llm_stage1.csv,1,1310,0,1
probe_llm_stage1.csv,1,717,0,1
probe_llm_stage1.csv,1,350,0,1
probe_llm_stage1.csv,1,1736,0,1
probe_llm_stage1.csv,1,410,0,1
probe_llm_stage1.csv,1,2092,0,1
probe_llm_stage1.csv,1,1696,0,1
probe_llm_stage1.csv,1,11,0,1
probe_llm_stage1.csv,1,1645,0,1
probe_llm_stage1.csv,1,2205,0,1
probe_llm_stage1.csv,1,24,0,1
probe_llm_stage1.csv,1,664,0,1
probe_llm_stage1.csv,1,1195,0,1
probe_llm_stage1.csv,1,1579,0,1
probe_llm_stage1.csv,1,200,0,1
probe_llm_stage1.csv,1,1866,0,1
probe_llm_stage1.csv,1,1859,0,1
probe_llm_stage1.csv,1,2119,0,1
probe_llm_stage1.csv,1,1606,0,1
probe_llm_stage1.csv,1,1929,0,1
probe_llm_stage1.csv,1,1101,0,1
probe_llm_stage1.csv,1,1449,0,1
probe_llm_stage1.csv,1,853,0,1
probe_llm_stage1.csv,1,357,0,1
probe_llm_stage1.csv,1,16,0,1
probe_llm_stage1.csv,1,642,0,1
probe_llm_stage1.csv,1,1554,0,1
probe_llm_stage1.csv,1,153,0,1
probe_llm_stage1.csv,1,795,0,1
probe_llm_stage1.csv,1,1791,0,1
probe_llm_stage1.csv,1,1747,0,1
probe_llm_stage1.csv,1,1486,0,1
probe_llm_stage1.csv,1,718,0,1
probe_llm_stage1.csv,1,2051,0,1
probe_llm_stage1.csv,1,1788,0,1
probe_llm_stage1.csv,1,1574,0,1
probe_llm_stage1.csv,1,2159,0,1
probe_llm_stage1.csv,1,1759,0,1
probe_llm_stage1.csv,1,2001,0,1
probe_llm_stage1.csv,1,999,0,1
probe_llm_stage1.csv,1,1841,0,1
probe_llm_stage1.csv,1,701,0,1
probe_llm_stage1.csv,1,2053,0,1
probe_llm_stage1.csv,1,1792,0,1
probe_llm_stage1.csv,1,321,0,1
probe_llm_stage1.csv,1,814,0,1
probe_llm_stage1.csv,1,749,0,1
probe_llm_stage1.csv,1,1890,0,1
probe_llm_stage1.csv,1,2037,0,1
probe_llm_stage1.csv,1,1513,0,1
probe_llm_stage1.csv,1,260,0,1
probe_llm_stage1.csv,1,1844,0,1
probe_llm_stage1.csv,1,582,0,1
probe_llm_stage1.csv,1,2020,0,1
probe_llm_stage1.csv,1,991,0,1
probe_llm_stage1.csv,1,1914,0,1
probe_llm_stage1.csv,1,516,0,1
probe_llm_stage1.csv,1,494,0,1
probe_llm_stage1.csv,1,444,0,1
probe_llm_stage1.csv,1,2122,0,1
probe_llm_stage1.csv,1,551,0,1
probe_llm_stage1.csv,1,931,0,1
probe_llm_stage1.csv,1,1297,0,1
probe_llm_stage1.csv,1,939,0,1
probe_llm_stage1.csv,1,2170,0,1
probe_llm_stage1.csv,1,1874,1,0
probe_llm_stage1.csv,1,1412,0,1
probe_llm_stage1.csv,1,1436,0,1
probe_llm_stage1.csv,1,575,0,1
probe_llm_stage1.csv,1,1826,0,1
probe_llm_stage1.csv,1,355,0,1
probe_llm_stage1.csv,1,709,0,1
probe_llm_stage1.csv,1,178,0,1
probe_llm_stage1.csv,1,284,0,1
probe_llm_stage1.csv,1,1100,0,1
probe_llm_stage1.csv,1,1722,0,1
probe_llm_stage1.csv,1,1000,0,1
probe_llm_stage1.csv,1,560,0,1
probe_llm_stage1.csv,1,1748,0,1
probe_llm_stage1.csv,1,1897,0,1
probe_llm_stage1.csv,1,578,0,1
probe_llm_stage1.csv,2,576,0,1
probe_llm_stage1.csv,2,372,0,1
probe_llm_stage1.csv,2,188,0,1
probe_llm_stage1.csv,2,328,0,1
probe_llm_stage1.csv,2,506,0,1
probe_llm_stage1.csv,2,135,0,1
probe_llm_stage1.csv,2,392,0,1
probe_llm_stage1.csv,2,358,0,1
probe_llm_stage1.csv,2,406,0,1
probe_llm_stage1.csv,2,570,0,1
probe_llm_stage1.csv,2,806,0,1
probe_llm_stage1.csv,2,645,0,1
probe_llm_stage1.csv,2,348,0,1
probe_llm_stage1.csv,2,105,0,1
probe_llm_stage1.csv,2,732,0,1
probe_llm_stage1.csv,2,815,0,1
probe_llm_stage1.csv,2,483,0,1
probe_llm_stage1.csv,2,429,0,1
probe_llm_stage1.csv,2,381,0,1
probe_llm_stage1.csv,2,515,0,1
probe_llm_stage1.csv,2,371,0,1
probe_llm_stage1.csv,2,822,0,1
probe_llm_stage1.csv,2,668,0,1
probe_llm_stage1.csv,2,715,0,1
probe_llm_stage1.csv,2,142,0,1
probe_llm_stage1.csv,2,106,0,1
probe_llm_stage1.csv,2,232,0,1
probe_llm_stage1.csv,2,853,0,1
probe_llm_stage1.csv,2,247,0,1
probe_llm_stage1.csv,2,662,0,1
probe_llm_stage1.csv,2,524,0,1
probe_llm_stage1.csv,2,315,0,1
probe_llm_stage1.csv,2,400,0,1
probe_llm_stage1.csv,2,513,0,1
probe_llm_stage1.csv,2,827,0,1
probe_llm_stage1.csv,2,741,0,1
probe_llm_stage1.csv,2,422,0,1
probe_llm_stage1.csv,2,737,0,1
probe_llm_stage1.csv,2,801,0,1
probe_llm_stage1.csv,2,327,0,1
probe_llm_stage1.csv,2,241,0,1
probe_llm_stage1.csv,2,141,0,1
probe_llm_stage1.csv,2,488,0,1
probe_llm_stage1.csv,2,468,0,1
probe_llm_stage1.csv,2,579,0,1
probe_llm_stage1.csv,2,331,0,1
probe_llm_stage1.csv,2,738,0,1
probe_llm_stage1.csv,2,221,0,1
probe_llm_stage1.csv,2,340,0,1
probe_llm_stage1.csv,2,138,0,1
probe_llm_stage1.csv,2,238,0,1
probe_llm_stage1.csv,2,805,0,1
probe_llm_stage1.csv,2,252,0,1
probe_llm_stage1.csv,2,121,0,1
probe_llm_stage1.csv,2,600,0,1
probe_llm_stage1.csv,2,430,0,1
probe_llm_stage1.csv,2,457,0,1
probe_llm_stage1.csv,2,626,0,1
probe_llm_stage1.csv,2,450,0,1
probe_llm_stage1.csv,2,5,0,1
probe_llm_stage1.csv,2,721,0,1
probe_llm_stage1.csv,2,84,0,1
probe_llm_stage1.csv,2,804,0,1
probe_llm_stage1.csv,2,522,0,1
probe_llm_stage1.csv,2,423,0,1
probe_llm_stage1.csv,2,128,0,1
probe_llm_stage1.csv,2,464,0,1
probe_llm_stage1.csv,2,290,0,1
probe_llm_stage1.csv,2,357,0,1
probe_llm_stage1.csv,2,698,0,1
probe_llm_stage1.csv,2,2,0,1
probe_llm_stage1.csv,2,573,0,1
probe_llm_stage1.csv,2,294,0,1
probe_llm_stage1.csv,2,779,0,1
probe_llm_stage1.csv,2,765,0,1
probe_llm_stage1.csv,2,831,0,1
probe_llm_stage1.csv,2,523,0,1
probe_llm_stage1.csv,2,255,0,1
probe_llm_stage1.csv,2,653,0,1
probe_llm_stage2.csv,1,804,1,0
probe_llm_stage2.csv,1,1291,1,0
probe_llm_stage2.csv,1,1035,1,0
probe_llm_stage2.csv,1,2058,1,0
probe_llm_stage2.csv,1,364,1,0
probe_llm_stage2.csv,1,1700,1,0
probe_llm_stage2.csv,1,572,1,0
probe_llm_stage2.csv,1,387,1,0
probe_llm_stage2.csv,1,2010,1,0
probe_llm_stage2.csv,1,2041,1,0
probe_llm_stage2.csv,1,154,1,0
probe_llm_stage2.csv,1,756,1,0
probe_llm_stage2.csv,1,55,1,0
probe_llm_stage2.csv,1,712,1,0
probe_llm_stage2.csv,1,205,1,0
probe_llm_stage2.csv,1,1078,1,0
probe_llm_stage2.csv,1,1115,1,0
probe_llm_stage2.csv,1,1482,1,0
probe_llm_stage2.csv,1,1672,1,0
probe_llm_stage2.csv,1,1199,1,0
probe_llm_stage2.csv,1,1495,1,0
probe_llm_stage2.csv,1,956,1,0
probe_llm_stage2.csv,1,1141,1,0
probe_llm_stage2.csv,1,670,1,0
probe_llm_stage2.csv,1,1874,1,0
probe_llm_stage2.csv,1,1422,1,0
probe_llm_stage2.csv,2,576,0,1
probe_llm_stage2.csv,2,372,0,1
probe_llm_stage2.csv,2,188,0,1
probe_llm_stage2.csv,2,328,0,1
probe_llm_stage2.csv,2,506,0,1
probe_llm_stage2.csv,2,135,0,1
probe_llm_stage2.csv,2,392,0,1
probe_llm_stage2.csv,2,358,0,1
probe_llm_stage2.csv,2,406,0,1
probe_llm_stage2.csv,2,570,0,1
probe_llm_stage2.csv,2,645,0,1
probe_llm_stage2.csv,2,105,0,1
probe_llm_stage2.csv,2,732,0,1
probe_llm_stage2.csv,2,815,0,1
probe_llm_stage2.csv,2,483,0,1
probe_llm_stage2.csv,2,429,0,1
probe_llm_stage2.csv,2,381,0,1
probe_llm_stage2.csv,2,371,0,1
probe_llm_stage2.csv,2,822,0,1
probe_llm_stage2.csv,2,715,0,1
probe_llm_stage2.csv,2,142,0,1
probe_llm_stage2.csv,2,106,0,1
probe_llm_stage2.csv,2,232,0,1
probe_llm_stage2.csv,2,247,0,1
probe_llm_stage2.csv,2,662,0,1
probe_llm_stage2.csv,2,524,0,1
probe_llm_stage2.csv,2,315,0,1
probe_llm_stage2.csv,2,400,0,1
probe_llm_stage2.csv,2,827,0,1
probe_llm_stage2.csv,2,741,0,1
probe_llm_stage2.csv,2,422,0,1
probe_llm_stage2.csv,2,737,0,1
probe_llm_stage2.csv,2,801,0,1
probe_llm_stage2.csv,2,327,0,1
probe_llm_stage2.csv,2,241,0,1
probe_llm_stage2.csv,2,141,0,1
probe_llm_stage2.csv,2,488,0,1
probe_llm_stage2.csv,2,468,0,1
probe_llm_stage2.csv,2,579,0,1
probe_llm_stage2.csv,2,331,0,1
probe_llm_stage2.csv,2,738,0,1
probe_llm_stage2.csv,2,221,0,1
probe_llm_stage2.csv,2,340,0,1
probe_llm_stage2.csv,2,138,0,1
probe_llm_stage2.csv,2,238,0,1
probe_llm_stage2.csv,2,805,0,1
probe_llm_stage2.csv,2,252,0,1
probe_llm_stage2.csv,2,121,0,1
probe_llm_stage2.csv,2,430,0,1
probe_llm_stage2.csv,2,457,0,1
probe_llm_stage2.csv,2,450,0,1
probe_llm_stage2.csv,2,5,0,1
probe_llm_stage2.csv,2,721,0,1
probe_llm_stage2.csv,2,84,0,1
probe_llm_stage2.csv,2,804,0,1
probe_llm_stage2.csv,2,522,0,1
probe_llm_stage2.csv,2,128,0,1
probe_llm_stage2.csv,2,464,0,1
probe_llm_stage2.csv,2,290,0,1
probe_llm_stage2.csv,2,357,0,1
probe_llm_stage2.csv,2,698,0,1
probe_llm_stage2.csv,2,2,0,1
probe_llm_stage2.csv,2,573,0,1
probe_llm_stage2.csv,2,294,0,1
probe_llm_stage2.csv,2,765,0,1
probe_llm_stage2.csv,2,523,0,1
probe_llm_stage2.csv,2,255,0,1
probe_llm_stage2.csv,2,653,0,1
